customer_id,last_order_date,order_cnt,total_sales,Recency,Frequency,Monetary,grade
USER_0000,2019-09-15,1,32,past,low,low,"1회성 고객"
USER_0001,2019-11-02,31,13856,past,high,high,"VIP 이탈 가능 고객"
USER_0002,2019-10-19,8,1437,past,high,low,"구매 이탈 가능 고객"
USER_0003,2019-12-14,11,1360,recent,high,low,"충성 고객"
USER_0004,2019-09-15,13,1448,past,high,low,"구매 이탈 가능 고객"
USER_0005,2019-08-23,3,628,past,high,low,"구매 이탈 가능 고객"
USER_0006,2019-06-25,44,6965,past,high,high,"VIP 이탈 가능 고객"
USER_0007,2019-12-07,5,472,recent,high,low,"충성 고객"
USER_0008,2019-11-21,37,9958,recent,high,high,VIP
USER_0009,2019-09-23,39,4982,past,high,high,"VIP 이탈 가능 고객"
USER_0010,2019-07-28,6,583,past,high,low,"구매 이탈 가능 고객"
USER_0011,2019-09-08,10,705,past,high,low,"구매 이탈 가능 고객"
USER_0012,2019-08-31,13,2250,past,high,low,"구매 이탈 가능 고객"
USER_0013,2019-07-20,14,1390,past,high,low,"구매 이탈 가능 고객"
USER_0014,2019-09-28,6,676,past,high,low,"구매 이탈 가능 고객"
USER_0015,2019-12-21,14,2303,recent,high,low,"충성 고객"
USER_0016,2019-08-22,10,2846,past,high,low,"구매 이탈 가능 고객"
USER_0017,2019-12-14,6,601,recent,high,low,"충성 고객"
USER_0018,2019-08-13,24,2780,past,high,low,"구매 이탈 가능 고객"
USER_0019,2019-10-18,15,1635,past,high,low,"구매 이탈 가능 고객"
USER_0020,2019-10-16,6,2013,past,high,low,"구매 이탈 가능 고객"
USER_0021,2019-09-20,9,1064,past,high,low,"구매 이탈 가능 고객"
USER_0022,2019-07-12,8,726,past,high,low,"구매 이탈 가능 고객"
USER_0023,2019-07-14,3,1342,past,high,low,"구매 이탈 가능 고객"
USER_0024,2019-04-13,10,2240,past,high,low,"구매 이탈 가능 고객"
USER_0025,2019-11-21,32,5607,recent,high,high,VIP
USER_0026,2019-04-10,55,13812,past,high,high,"VIP 이탈 가능 고객"
USER_0027,2019-05-23,1,36,past,low,low,"1회성 고객"
USER_0028,2019-12-14,14,2468,recent,high,low,"충성 고객"
USER_0029,2019-03-29,11,1731,past,high,low,"구매 이탈 가능 고객"
USER_0030,2019-09-19,57,9732,past,high,high,"VIP 이탈 가능 고객"
USER_0031,2019-12-18,6,1250,recent,high,low,"충성 고객"
USER_0032,2019-11-10,7,1376,past,high,low,"구매 이탈 가능 고객"
USER_0033,2019-12-16,70,13922,recent,high,high,VIP
USER_0034,2019-10-30,67,11440,past,high,high,"VIP 이탈 가능 고객"
USER_0035,2019-11-01,27,6771,past,high,high,"VIP 이탈 가능 고객"
USER_0036,2019-11-28,13,3200,recent,high,low,"충성 고객"
USER_0037,2019-12-05,2,253,recent,low,low,"일반 구매 고객"
USER_0038,2019-08-06,14,1294,past,high,low,"구매 이탈 가능 고객"
USER_0039,2019-08-02,13,9966,past,high,high,"VIP 이탈 가능 고객"
USER_0040,2019-07-18,6,992,past,high,low,"구매 이탈 가능 고객"
USER_0041,2019-08-04,35,5346,past,high,high,"VIP 이탈 가능 고객"
USER_0042,2019-08-03,6,789,past,high,low,"구매 이탈 가능 고객"
USER_0043,2019-08-30,22,2721,past,high,low,"구매 이탈 가능 고객"
USER_0044,2019-07-20,5,414,past,high,low,"구매 이탈 가능 고객"
USER_0045,2019-08-13,3,66,past,high,low,"구매 이탈 가능 고객"
USER_0046,2019-11-20,71,10045,recent,high,high,VIP
USER_0047,2019-12-16,21,5135,recent,high,high,VIP
USER_0048,2019-07-27,1,11,past,low,low,"1회성 고객"
USER_0049,2019-09-18,12,1409,past,high,low,"구매 이탈 가능 고객"
USER_0050,2019-07-13,4,1281,past,high,low,"구매 이탈 가능 고객"
USER_0051,2019-08-22,3,499,past,high,low,"구매 이탈 가능 고객"
USER_0052,2019-08-14,5,546,past,high,low,"구매 이탈 가능 고객"
USER_0053,2019-09-15,6,1818,past,high,low,"구매 이탈 가능 고객"
USER_0054,2019-11-27,22,4521,recent,high,high,VIP
USER_0055,2019-08-02,8,1234,past,high,low,"구매 이탈 가능 고객"
USER_0056,2019-11-08,100,19018,past,high,high,"VIP 이탈 가능 고객"
USER_0057,2019-12-10,32,4148,recent,high,high,VIP
USER_0058,2019-06-26,9,1680,past,high,low,"구매 이탈 가능 고객"
USER_0059,2019-10-23,14,1484,past,high,low,"구매 이탈 가능 고객"
USER_0060,2019-08-17,4,277,past,high,low,"구매 이탈 가능 고객"
USER_0061,2019-12-11,11,2812,recent,high,low,"충성 고객"
USER_0062,2019-12-21,71,12267,recent,high,high,VIP
USER_0063,2019-11-16,5,1608,past,high,low,"구매 이탈 가능 고객"
USER_0064,2019-06-12,33,6003,past,high,high,"VIP 이탈 가능 고객"
USER_0065,2019-11-05,40,5681,past,high,high,"VIP 이탈 가능 고객"
USER_0066,2019-08-02,15,2357,past,high,low,"구매 이탈 가능 고객"
USER_0067,2019-07-24,26,3799,past,high,low,"구매 이탈 가능 고객"
USER_0068,2019-03-04,1,19,past,low,low,"1회성 고객"
USER_0069,2019-11-02,21,4439,past,high,high,"VIP 이탈 가능 고객"
USER_0070,2019-09-30,5,903,past,high,low,"구매 이탈 가능 고객"
USER_0071,2019-12-16,8,783,recent,high,low,"충성 고객"
USER_0072,2019-08-17,4,572,past,high,low,"구매 이탈 가능 고객"
USER_0073,2019-04-19,2,283,past,low,low,"1회성 고객"
USER_0074,2019-10-27,4,340,past,high,low,"구매 이탈 가능 고객"
USER_0075,2019-06-27,20,2437,past,high,low,"구매 이탈 가능 고객"
USER_0076,2019-12-16,24,5854,recent,high,high,VIP
USER_0077,2019-12-04,34,5150,recent,high,high,VIP
USER_0078,2019-11-05,26,4380,past,high,high,"VIP 이탈 가능 고객"
USER_0079,2019-08-18,1,61,past,low,low,"1회성 고객"
USER_0080,2019-11-10,8,2444,past,high,low,"구매 이탈 가능 고객"
USER_0081,2019-06-26,28,3918,past,high,low,"구매 이탈 가능 고객"
USER_0082,2019-04-18,1,15,past,low,low,"1회성 고객"
USER_0083,2019-08-09,7,2439,past,high,low,"구매 이탈 가능 고객"
USER_0084,2019-10-05,26,2740,past,high,low,"구매 이탈 가능 고객"
USER_0085,2019-12-19,16,2988,recent,high,low,"충성 고객"
USER_0086,2019-10-02,5,766,past,high,low,"구매 이탈 가능 고객"
USER_0087,2019-09-19,2,86,past,low,low,"1회성 고객"
USER_0088,2019-06-09,2,38,past,low,low,"1회성 고객"
USER_0089,2019-11-30,38,6698,recent,high,high,VIP
USER_0090,2019-08-30,3,257,past,high,low,"구매 이탈 가능 고객"
USER_0091,2019-09-09,11,1771,past,high,low,"구매 이탈 가능 고객"
USER_0092,2019-12-10,10,1365,recent,high,low,"충성 고객"
USER_0093,2019-07-12,3,203,past,high,low,"구매 이탈 가능 고객"
USER_0094,2019-12-03,88,15450,recent,high,high,VIP
USER_0095,2019-12-11,68,12185,recent,high,high,VIP
USER_0096,2019-09-30,38,9921,past,high,high,"VIP 이탈 가능 고객"
USER_0097,2019-01-31,6,960,past,high,low,"구매 이탈 가능 고객"
USER_0098,2019-10-27,8,1321,past,high,low,"구매 이탈 가능 고객"
USER_0099,2019-10-14,4,1709,past,high,low,"구매 이탈 가능 고객"
USER_0100,2019-06-28,13,1646,past,high,low,"구매 이탈 가능 고객"
USER_0101,2019-08-30,21,2831,past,high,low,"구매 이탈 가능 고객"
USER_0102,2019-11-08,16,3053,past,high,low,"구매 이탈 가능 고객"
USER_0103,2019-12-21,27,3749,recent,high,low,"충성 고객"
USER_0104,2019-11-27,26,6806,recent,high,high,VIP
USER_0105,2019-07-06,10,1946,past,high,low,"구매 이탈 가능 고객"
USER_0106,2019-08-21,7,530,past,high,low,"구매 이탈 가능 고객"
USER_0107,2019-02-09,14,4937,past,high,high,"VIP 이탈 가능 고객"
USER_0108,2019-11-17,16,1914,recent,high,low,"충성 고객"
USER_0109,2019-10-11,8,919,past,high,low,"구매 이탈 가능 고객"
USER_0110,2019-08-19,7,549,past,high,low,"구매 이탈 가능 고객"
USER_0111,2019-11-27,38,12421,recent,high,high,VIP
USER_0112,2019-07-13,2,80,past,low,low,"1회성 고객"
USER_0113,2019-11-20,18,2895,recent,high,low,"충성 고객"
USER_0114,2019-08-16,1,145,past,low,low,"1회성 고객"
USER_0115,2019-01-30,8,1784,past,high,low,"구매 이탈 가능 고객"
USER_0116,2019-10-24,34,9402,past,high,high,"VIP 이탈 가능 고객"
USER_0117,2019-09-28,10,1740,past,high,low,"구매 이탈 가능 고객"
USER_0118,2019-09-15,328,74787,past,high,high,"VIP 이탈 가능 고객"
USER_0119,2019-08-01,20,1994,past,high,low,"구매 이탈 가능 고객"
USER_0120,2019-12-21,17,3730,recent,high,low,"충성 고객"
USER_0121,2019-04-12,1,50,past,low,low,"1회성 고객"
USER_0122,2019-03-02,8,1086,past,high,low,"구매 이탈 가능 고객"
USER_0123,2019-11-06,28,5423,past,high,high,"VIP 이탈 가능 고객"
USER_0124,2019-08-11,28,4127,past,high,high,"VIP 이탈 가능 고객"
USER_0125,2019-12-18,7,1404,recent,high,low,"충성 고객"
USER_0126,2019-12-01,3,529,recent,high,low,"충성 고객"
USER_0127,2019-12-24,15,2371,recent,high,low,"충성 고객"
USER_0128,2019-10-28,32,4058,past,high,low,"구매 이탈 가능 고객"
USER_0129,2019-04-30,8,701,past,high,low,"구매 이탈 가능 고객"
USER_0130,2019-01-03,2,141,past,low,low,"1회성 고객"
USER_0131,2019-08-09,11,2317,past,high,low,"구매 이탈 가능 고객"
USER_0132,2019-06-02,7,355,past,high,low,"구매 이탈 가능 고객"
USER_0133,2019-03-04,5,559,past,high,low,"구매 이탈 가능 고객"
USER_0134,2019-09-11,5,617,past,high,low,"구매 이탈 가능 고객"
USER_0135,2019-11-08,31,7691,past,high,high,"VIP 이탈 가능 고객"
USER_0136,2019-10-03,6,1024,past,high,low,"구매 이탈 가능 고객"
USER_0137,2019-12-06,19,2876,recent,high,low,"충성 고객"
USER_0138,2019-01-05,28,4307,past,high,high,"VIP 이탈 가능 고객"
USER_0139,2019-06-29,23,3603,past,high,low,"구매 이탈 가능 고객"
USER_0140,2019-11-27,49,11692,recent,high,high,VIP
USER_0141,2019-12-23,9,2786,recent,high,low,"충성 고객"
USER_0142,2019-12-03,12,2021,recent,high,low,"충성 고객"
USER_0143,2019-10-24,23,4593,past,high,high,"VIP 이탈 가능 고객"
USER_0144,2019-01-17,3,892,past,high,low,"구매 이탈 가능 고객"
USER_0145,2019-06-05,1,238,past,low,low,"1회성 고객"
USER_0146,2019-06-02,24,3467,past,high,low,"구매 이탈 가능 고객"
USER_0147,2019-11-12,19,5424,past,high,high,"VIP 이탈 가능 고객"
USER_0148,2019-04-06,1,35,past,low,low,"1회성 고객"
USER_0149,2019-09-07,31,3840,past,high,low,"구매 이탈 가능 고객"
USER_0150,2019-05-06,1,1,past,low,low,"1회성 고객"
USER_0151,2019-08-31,11,1354,past,high,low,"구매 이탈 가능 고객"
USER_0152,2019-11-29,1,228,recent,low,low,"일반 구매 고객"
USER_0153,2019-03-18,2,69,past,low,low,"1회성 고객"
USER_0154,2019-01-22,7,1125,past,high,low,"구매 이탈 가능 고객"
USER_0155,2019-10-06,19,3919,past,high,low,"구매 이탈 가능 고객"
USER_0156,2019-07-20,30,6038,past,high,high,"VIP 이탈 가능 고객"
USER_0157,2019-09-05,1,16,past,low,low,"1회성 고객"
USER_0158,2019-06-11,8,298,past,high,low,"구매 이탈 가능 고객"
USER_0159,2019-12-06,5,878,recent,high,low,"충성 고객"
USER_0160,2019-06-29,2,19,past,low,low,"1회성 고객"
USER_0161,2019-10-16,2,833,past,low,low,"1회성 고객"
USER_0162,2019-08-08,2,195,past,low,low,"1회성 고객"
USER_0163,2019-04-11,7,715,past,high,low,"구매 이탈 가능 고객"
USER_0164,2019-07-06,7,1028,past,high,low,"구매 이탈 가능 고객"
USER_0165,2019-10-27,25,4920,past,high,high,"VIP 이탈 가능 고객"
USER_0166,2019-10-12,6,889,past,high,low,"구매 이탈 가능 고객"
USER_0167,2019-12-31,14,3000,recent,high,low,"충성 고객"
USER_0168,2019-08-01,13,905,past,high,low,"구매 이탈 가능 고객"
USER_0169,2019-04-11,6,597,past,high,low,"구매 이탈 가능 고객"
USER_0170,2019-06-23,10,1457,past,high,low,"구매 이탈 가능 고객"
USER_0171,2019-10-04,2,518,past,low,low,"1회성 고객"
USER_0172,2019-12-19,31,3979,recent,high,low,"충성 고객"
USER_0173,2019-08-23,4,1168,past,high,low,"구매 이탈 가능 고객"
USER_0174,2019-09-05,2,157,past,low,low,"1회성 고객"
USER_0175,2019-12-14,2,557,recent,low,low,"일반 구매 고객"
USER_0176,2019-11-21,7,777,recent,high,low,"충성 고객"
USER_0177,2019-04-24,8,846,past,high,low,"구매 이탈 가능 고객"
USER_0178,2019-10-27,23,2579,past,high,low,"구매 이탈 가능 고객"
USER_0179,2019-10-27,5,843,past,high,low,"구매 이탈 가능 고객"
USER_0180,2019-11-10,37,5602,past,high,high,"VIP 이탈 가능 고객"
USER_0181,2019-09-28,8,2104,past,high,low,"구매 이탈 가능 고객"
USER_0182,2019-01-30,3,207,past,high,low,"구매 이탈 가능 고객"
USER_0183,2019-02-03,28,4563,past,high,high,"VIP 이탈 가능 고객"
USER_0184,2019-06-13,6,1776,past,high,low,"구매 이탈 가능 고객"
USER_0185,2019-07-07,4,170,past,high,low,"구매 이탈 가능 고객"
USER_0186,2019-07-12,1,10,past,low,low,"1회성 고객"
USER_0187,2019-03-15,16,2041,past,high,low,"구매 이탈 가능 고객"
USER_0188,2019-06-27,5,607,past,high,low,"구매 이탈 가능 고객"
USER_0189,2019-02-28,4,172,past,high,low,"구매 이탈 가능 고객"
USER_0190,2019-12-18,26,3052,recent,high,low,"충성 고객"
USER_0191,2019-09-06,17,3039,past,high,low,"구매 이탈 가능 고객"
USER_0192,2019-10-27,3,223,past,high,low,"구매 이탈 가능 고객"
USER_0193,2019-12-27,60,10421,recent,high,high,VIP
USER_0194,2019-09-06,1,179,past,low,low,"1회성 고객"
USER_0195,2019-01-16,7,1443,past,high,low,"구매 이탈 가능 고객"
USER_0196,2019-10-11,1,1,past,low,low,"1회성 고객"
USER_0197,2019-12-28,68,8521,recent,high,high,VIP
USER_0198,2019-04-07,4,1474,past,high,low,"구매 이탈 가능 고객"
USER_0199,2019-11-10,24,4120,past,high,low,"구매 이탈 가능 고객"
USER_0200,2019-08-31,117,19605,past,high,high,"VIP 이탈 가능 고객"
USER_0201,2019-07-24,6,1028,past,high,low,"구매 이탈 가능 고객"
USER_0202,2019-12-11,176,27282,recent,high,high,VIP
USER_0203,2019-09-30,9,1336,past,high,low,"구매 이탈 가능 고객"
USER_0204,2019-06-07,4,281,past,high,low,"구매 이탈 가능 고객"
USER_0205,2019-12-12,65,11904,recent,high,high,VIP
USER_0206,2019-07-31,4,364,past,high,low,"구매 이탈 가능 고객"
USER_0207,2019-07-26,18,2943,past,high,low,"구매 이탈 가능 고객"
USER_0208,2019-11-03,14,2366,past,high,low,"구매 이탈 가능 고객"
USER_0209,2019-12-24,54,8509,recent,high,high,VIP
USER_0210,2019-07-06,1,119,past,low,low,"1회성 고객"
USER_0211,2019-09-04,10,2592,past,high,low,"구매 이탈 가능 고객"
USER_0212,2019-01-18,3,429,past,high,low,"구매 이탈 가능 고객"
USER_0213,2019-12-10,8,965,recent,high,low,"충성 고객"
USER_0214,2019-12-24,29,21041,recent,high,high,VIP
USER_0215,2019-08-01,2,239,past,low,low,"1회성 고객"
USER_0216,2019-10-17,12,2016,past,high,low,"구매 이탈 가능 고객"
USER_0217,2019-06-10,30,4325,past,high,high,"VIP 이탈 가능 고객"
USER_0218,2019-08-17,18,2212,past,high,low,"구매 이탈 가능 고객"
USER_0219,2019-04-19,3,219,past,high,low,"구매 이탈 가능 고객"
USER_0220,2019-12-22,33,7423,recent,high,high,VIP
USER_0221,2019-01-26,7,1470,past,high,low,"구매 이탈 가능 고객"
USER_0222,2019-04-07,4,412,past,high,low,"구매 이탈 가능 고객"
USER_0223,2019-12-10,16,3184,recent,high,low,"충성 고객"
USER_0224,2019-08-17,1,33,past,low,low,"1회성 고객"
USER_0225,2019-01-30,1,17,past,low,low,"1회성 고객"
USER_0226,2019-11-25,78,17812,recent,high,high,VIP
USER_0227,2019-09-08,38,5661,past,high,high,"VIP 이탈 가능 고객"
USER_0228,2019-10-18,16,3251,past,high,low,"구매 이탈 가능 고객"
USER_0229,2019-11-24,2,467,recent,low,low,"일반 구매 고객"
USER_0230,2019-08-22,25,3363,past,high,low,"구매 이탈 가능 고객"
USER_0231,2019-07-14,5,809,past,high,low,"구매 이탈 가능 고객"
USER_0232,2019-10-26,36,4944,past,high,high,"VIP 이탈 가능 고객"
USER_0233,2019-03-23,15,3613,past,high,low,"구매 이탈 가능 고객"
USER_0234,2019-11-13,124,21617,past,high,high,"VIP 이탈 가능 고객"
USER_0235,2019-05-25,14,1798,past,high,low,"구매 이탈 가능 고객"
USER_0236,2019-08-07,11,1863,past,high,low,"구매 이탈 가능 고객"
USER_0237,2019-08-01,10,1067,past,high,low,"구매 이탈 가능 고객"
USER_0238,2019-10-24,39,5485,past,high,high,"VIP 이탈 가능 고객"
USER_0239,2019-12-13,14,1906,recent,high,low,"충성 고객"
USER_0240,2019-12-20,13,2212,recent,high,low,"충성 고객"
USER_0241,2019-09-12,10,346,past,high,low,"구매 이탈 가능 고객"
USER_0242,2019-05-21,1,44,past,low,low,"1회성 고객"
USER_0243,2019-06-07,19,2338,past,high,low,"구매 이탈 가능 고객"
USER_0244,2019-07-26,5,459,past,high,low,"구매 이탈 가능 고객"
USER_0245,2019-12-20,42,9653,recent,high,high,VIP
USER_0246,2019-08-06,8,1301,past,high,low,"구매 이탈 가능 고객"
USER_0247,2019-05-31,4,478,past,high,low,"구매 이탈 가능 고객"
USER_0248,2019-04-14,15,1405,past,high,low,"구매 이탈 가능 고객"
USER_0249,2019-09-13,18,2065,past,high,low,"구매 이탈 가능 고객"
USER_0250,2019-07-19,5,443,past,high,low,"구매 이탈 가능 고객"
USER_0251,2019-01-05,4,1286,past,high,low,"구매 이탈 가능 고객"
USER_0252,2019-09-18,18,2525,past,high,low,"구매 이탈 가능 고객"
USER_0253,2019-06-12,1,45,past,low,low,"1회성 고객"
USER_0254,2019-08-23,26,16579,past,high,high,"VIP 이탈 가능 고객"
USER_0255,2019-05-18,17,2909,past,high,low,"구매 이탈 가능 고객"
USER_0256,2019-04-07,1,79,past,low,low,"1회성 고객"
USER_0257,2019-11-15,39,8274,past,high,high,"VIP 이탈 가능 고객"
USER_0258,2019-09-30,6,763,past,high,low,"구매 이탈 가능 고객"
USER_0259,2019-06-05,5,734,past,high,low,"구매 이탈 가능 고객"
USER_0260,2019-07-15,3,658,past,high,low,"구매 이탈 가능 고객"
USER_0261,2019-01-20,3,467,past,high,low,"구매 이탈 가능 고객"
USER_0262,2019-12-23,22,4332,recent,high,high,VIP
USER_0263,2019-10-23,12,2166,past,high,low,"구매 이탈 가능 고객"
USER_0264,2019-07-16,3,412,past,high,low,"구매 이탈 가능 고객"
USER_0265,2019-06-13,8,1187,past,high,low,"구매 이탈 가능 고객"
USER_0266,2019-07-17,42,6210,past,high,high,"VIP 이탈 가능 고객"
USER_0267,2019-11-27,7,2003,recent,high,low,"충성 고객"
USER_0268,2019-04-19,8,738,past,high,low,"구매 이탈 가능 고객"
USER_0269,2019-11-13,10,2348,past,high,low,"구매 이탈 가능 고객"
USER_0270,2019-07-08,5,579,past,high,low,"구매 이탈 가능 고객"
USER_0271,2019-11-17,7,1346,recent,high,low,"충성 고객"
USER_0272,2019-07-28,1,140,past,low,low,"1회성 고객"
USER_0273,2019-07-08,11,1603,past,high,low,"구매 이탈 가능 고객"
USER_0274,2019-04-08,23,3093,past,high,low,"구매 이탈 가능 고객"
USER_0275,2019-08-30,15,3211,past,high,low,"구매 이탈 가능 고객"
USER_0276,2019-12-16,10,1203,recent,high,low,"충성 고객"
USER_0277,2019-11-27,10,2368,recent,high,low,"충성 고객"
USER_0278,2019-07-18,4,522,past,high,low,"구매 이탈 가능 고객"
USER_0279,2019-01-30,9,1346,past,high,low,"구매 이탈 가능 고객"
USER_0280,2019-10-27,3,282,past,high,low,"구매 이탈 가능 고객"
USER_0281,2019-11-29,42,7463,recent,high,high,VIP
USER_0282,2019-06-08,24,3679,past,high,low,"구매 이탈 가능 고객"
USER_0283,2019-08-02,12,808,past,high,low,"구매 이탈 가능 고객"
USER_0284,2019-05-21,22,2294,past,high,low,"구매 이탈 가능 고객"
USER_0285,2019-08-11,13,1571,past,high,low,"구매 이탈 가능 고객"
USER_0286,2019-09-04,19,3011,past,high,low,"구매 이탈 가능 고객"
USER_0287,2019-09-18,29,3440,past,high,low,"구매 이탈 가능 고객"
USER_0288,2019-12-12,38,9162,recent,high,high,VIP
USER_0289,2019-08-28,3,539,past,high,low,"구매 이탈 가능 고객"
USER_0290,2019-03-16,1,3,past,low,low,"1회성 고객"
USER_0291,2019-07-12,3,264,past,high,low,"구매 이탈 가능 고객"
USER_0292,2019-12-20,76,11216,recent,high,high,VIP
USER_0293,2019-12-12,22,4005,recent,high,low,"충성 고객"
USER_0294,2019-12-06,10,1109,recent,high,low,"충성 고객"
USER_0295,2019-06-05,12,1895,past,high,low,"구매 이탈 가능 고객"
USER_0296,2019-06-21,11,1453,past,high,low,"구매 이탈 가능 고객"
USER_0297,2019-03-06,8,911,past,high,low,"구매 이탈 가능 고객"
USER_0298,2019-09-26,1,121,past,low,low,"1회성 고객"
USER_0299,2019-12-02,21,3337,recent,high,low,"충성 고객"
USER_0300,2019-09-22,20,3767,past,high,low,"구매 이탈 가능 고객"
USER_0301,2019-04-06,12,1572,past,high,low,"구매 이탈 가능 고객"
USER_0302,2019-09-08,1,42,past,low,low,"1회성 고객"
USER_0303,2019-04-07,4,6423,past,high,high,"VIP 이탈 가능 고객"
USER_0304,2019-11-14,23,3489,past,high,low,"구매 이탈 가능 고객"
USER_0305,2019-11-17,1,17,recent,low,low,"일반 구매 고객"
USER_0306,2019-12-19,8,1144,recent,high,low,"충성 고객"
USER_0307,2019-10-16,3,1041,past,high,low,"구매 이탈 가능 고객"
USER_0308,2019-11-17,3,290,recent,high,low,"충성 고객"
USER_0309,2019-07-11,40,6968,past,high,high,"VIP 이탈 가능 고객"
USER_0310,2019-08-11,8,958,past,high,low,"구매 이탈 가능 고객"
USER_0311,2019-03-21,10,1547,past,high,low,"구매 이탈 가능 고객"
USER_0312,2019-12-14,15,2041,recent,high,low,"충성 고객"
USER_0313,2019-03-02,5,482,past,high,low,"구매 이탈 가능 고객"
USER_0314,2019-12-19,5,899,recent,high,low,"충성 고객"
USER_0315,2019-12-29,16,2849,recent,high,low,"충성 고객"
USER_0316,2019-08-07,12,1798,past,high,low,"구매 이탈 가능 고객"
USER_0317,2019-09-04,17,1477,past,high,low,"구매 이탈 가능 고객"
USER_0318,2019-12-02,13,2784,recent,high,low,"충성 고객"
USER_0319,2019-12-06,3,362,recent,high,low,"충성 고객"
USER_0320,2019-06-03,4,1070,past,high,low,"구매 이탈 가능 고객"
USER_0321,2019-08-28,6,563,past,high,low,"구매 이탈 가능 고객"
USER_0322,2019-11-27,12,1884,recent,high,low,"충성 고객"
USER_0323,2019-06-25,14,1873,past,high,low,"구매 이탈 가능 고객"
USER_0324,2019-12-10,5,1084,recent,high,low,"충성 고객"
USER_0325,2019-09-06,9,1077,past,high,low,"구매 이탈 가능 고객"
USER_0326,2019-04-07,6,492,past,high,low,"구매 이탈 가능 고객"
USER_0327,2019-03-04,5,402,past,high,low,"구매 이탈 가능 고객"
USER_0328,2019-07-31,9,1404,past,high,low,"구매 이탈 가능 고객"
USER_0329,2019-10-07,32,4189,past,high,high,"VIP 이탈 가능 고객"
USER_0330,2019-12-19,31,4407,recent,high,high,VIP
USER_0331,2019-08-19,3,216,past,high,low,"구매 이탈 가능 고객"
USER_0332,2019-08-02,44,5995,past,high,high,"VIP 이탈 가능 고객"
USER_0333,2019-09-18,1,38,past,low,low,"1회성 고객"
USER_0334,2019-12-20,37,5471,recent,high,high,VIP
USER_0335,2019-09-06,14,1281,past,high,low,"구매 이탈 가능 고객"
USER_0336,2019-10-23,1,238,past,low,low,"1회성 고객"
USER_0337,2019-01-03,7,1280,past,high,low,"구매 이탈 가능 고객"
USER_0338,2019-11-20,23,3987,recent,high,low,"충성 고객"
USER_0339,2019-11-21,19,2785,recent,high,low,"충성 고객"
USER_0340,2019-08-01,48,6937,past,high,high,"VIP 이탈 가능 고객"
USER_0341,2019-12-23,30,4730,recent,high,high,VIP
USER_0342,2019-12-12,5,959,recent,high,low,"충성 고객"
USER_0343,2019-10-11,42,8280,past,high,high,"VIP 이탈 가능 고객"
USER_0344,2019-01-03,1,154,past,low,low,"1회성 고객"
USER_0345,2019-01-01,1,1,past,low,low,"1회성 고객"
USER_0346,2019-08-02,1,3,past,low,low,"1회성 고객"
USER_0347,2019-11-03,5,963,past,high,low,"구매 이탈 가능 고객"
USER_0348,2019-06-13,8,1668,past,high,low,"구매 이탈 가능 고객"
USER_0349,2019-08-08,18,2039,past,high,low,"구매 이탈 가능 고객"
USER_0350,2019-07-30,29,3989,past,high,low,"구매 이탈 가능 고객"
USER_0351,2019-08-16,37,5151,past,high,high,"VIP 이탈 가능 고객"
USER_0352,2019-10-05,21,3356,past,high,low,"구매 이탈 가능 고객"
USER_0353,2019-12-13,47,6829,recent,high,high,VIP
USER_0354,2019-09-05,22,3179,past,high,low,"구매 이탈 가능 고객"
USER_0355,2019-12-08,4,281,recent,high,low,"충성 고객"
USER_0356,2019-03-23,2,358,past,low,low,"1회성 고객"
USER_0357,2019-05-01,5,364,past,high,low,"구매 이탈 가능 고객"
USER_0358,2019-10-11,67,9716,past,high,high,"VIP 이탈 가능 고객"
USER_0359,2019-12-18,23,3229,recent,high,low,"충성 고객"
USER_0360,2019-12-06,11,1200,recent,high,low,"충성 고객"
USER_0361,2019-03-26,4,1265,past,high,low,"구매 이탈 가능 고객"
USER_0362,2019-10-22,31,8193,past,high,high,"VIP 이탈 가능 고객"
USER_0363,2019-07-14,2,123,past,low,low,"1회성 고객"
USER_0364,2019-12-19,15,3005,recent,high,low,"충성 고객"
USER_0365,2019-12-13,9,853,recent,high,low,"충성 고객"
USER_0366,2019-06-12,1,17,past,low,low,"1회성 고객"
USER_0367,2019-02-16,2,314,past,low,low,"1회성 고객"
USER_0368,2019-10-30,5,1106,past,high,low,"구매 이탈 가능 고객"
USER_0369,2019-02-11,35,6457,past,high,high,"VIP 이탈 가능 고객"
USER_0370,2019-12-19,18,6909,recent,high,high,VIP
USER_0371,2019-06-02,8,1236,past,high,low,"구매 이탈 가능 고객"
USER_0372,2019-04-07,1,45,past,low,low,"1회성 고객"
USER_0373,2019-12-10,24,2924,recent,high,low,"충성 고객"
USER_0374,2019-09-14,16,2373,past,high,low,"구매 이탈 가능 고객"
USER_0375,2019-09-04,18,3409,past,high,low,"구매 이탈 가능 고객"
USER_0376,2019-11-27,40,12114,recent,high,high,VIP
USER_0377,2019-12-20,16,3253,recent,high,low,"충성 고객"
USER_0378,2019-12-15,3,354,recent,high,low,"충성 고객"
USER_0379,2019-06-22,10,931,past,high,low,"구매 이탈 가능 고객"
USER_0380,2019-03-23,5,1163,past,high,low,"구매 이탈 가능 고객"
USER_0381,2019-12-04,7,2048,recent,high,low,"충성 고객"
USER_0382,2019-09-14,1,40,past,low,low,"1회성 고객"
USER_0383,2019-11-03,8,1425,past,high,low,"구매 이탈 가능 고객"
USER_0384,2019-12-13,6,751,recent,high,low,"충성 고객"
USER_0385,2019-09-15,2,314,past,low,low,"1회성 고객"
USER_0386,2019-10-18,8,666,past,high,low,"구매 이탈 가능 고객"
USER_0387,2019-12-27,14,3136,recent,high,low,"충성 고객"
USER_0388,2019-07-14,3,326,past,high,low,"구매 이탈 가능 고객"
USER_0389,2019-10-05,2,2658,past,low,low,"1회성 고객"
USER_0390,2019-12-12,10,1412,recent,high,low,"충성 고객"
USER_0391,2019-02-09,9,889,past,high,low,"구매 이탈 가능 고객"
USER_0392,2019-05-22,2,143,past,low,low,"1회성 고객"
USER_0393,2019-07-13,1,7,past,low,low,"1회성 고객"
USER_0394,2019-01-29,4,465,past,high,low,"구매 이탈 가능 고객"
USER_0395,2019-05-10,7,1012,past,high,low,"구매 이탈 가능 고객"
USER_0396,2019-12-26,16,3967,recent,high,low,"충성 고객"
USER_0397,2019-10-04,18,2613,past,high,low,"구매 이탈 가능 고객"
USER_0398,2019-09-11,30,4189,past,high,high,"VIP 이탈 가능 고객"
USER_0399,2019-09-13,18,10308,past,high,high,"VIP 이탈 가능 고객"
USER_0400,2019-09-18,4,104,past,high,low,"구매 이탈 가능 고객"
USER_0401,2019-08-27,3,385,past,high,low,"구매 이탈 가능 고객"
USER_0402,2019-10-03,20,3074,past,high,low,"구매 이탈 가능 고객"
USER_0403,2019-01-09,6,949,past,high,low,"구매 이탈 가능 고객"
USER_0404,2019-12-02,4,698,recent,high,low,"충성 고객"
USER_0405,2019-06-27,16,1481,past,high,low,"구매 이탈 가능 고객"
USER_0406,2019-04-10,17,4230,past,high,high,"VIP 이탈 가능 고객"
USER_0407,2019-09-25,21,3244,past,high,low,"구매 이탈 가능 고객"
USER_0408,2019-07-14,19,4170,past,high,high,"VIP 이탈 가능 고객"
USER_0409,2019-04-27,16,1338,past,high,low,"구매 이탈 가능 고객"
USER_0410,2019-11-22,38,7616,recent,high,high,VIP
USER_0411,2019-12-17,45,7393,recent,high,high,VIP
USER_0412,2019-07-26,4,114,past,high,low,"구매 이탈 가능 고객"
USER_0413,2019-08-01,4,258,past,high,low,"구매 이탈 가능 고객"
USER_0414,2019-10-29,57,11123,past,high,high,"VIP 이탈 가능 고객"
USER_0415,2019-11-21,24,3719,recent,high,low,"충성 고객"
USER_0416,2019-05-31,23,3126,past,high,low,"구매 이탈 가능 고객"
USER_0417,2019-10-28,25,3805,past,high,low,"구매 이탈 가능 고객"
USER_0418,2019-09-28,33,5329,past,high,high,"VIP 이탈 가능 고객"
USER_0419,2019-10-11,10,2072,past,high,low,"구매 이탈 가능 고객"
USER_0420,2019-01-09,3,1217,past,high,low,"구매 이탈 가능 고객"
USER_0421,2019-03-02,24,5427,past,high,high,"VIP 이탈 가능 고객"
USER_0422,2019-04-25,19,2416,past,high,low,"구매 이탈 가능 고객"
USER_0423,2019-07-10,44,6694,past,high,high,"VIP 이탈 가능 고객"
USER_0424,2019-12-18,73,11907,recent,high,high,VIP
USER_0425,2019-10-03,51,9342,past,high,high,"VIP 이탈 가능 고객"
USER_0426,2019-09-20,1,13,past,low,low,"1회성 고객"
USER_0427,2019-10-04,26,2789,past,high,low,"구매 이탈 가능 고객"
USER_0428,2019-09-04,34,6344,past,high,high,"VIP 이탈 가능 고객"
USER_0429,2019-09-11,1,124,past,low,low,"1회성 고객"
USER_0430,2019-07-07,9,1043,past,high,low,"구매 이탈 가능 고객"
USER_0431,2019-12-05,7,600,recent,high,low,"충성 고객"
USER_0432,2019-08-27,5,1118,past,high,low,"구매 이탈 가능 고객"
USER_0433,2019-07-08,1,15,past,low,low,"1회성 고객"
USER_0434,2019-12-12,13,2076,recent,high,low,"충성 고객"
USER_0435,2019-10-17,41,10611,past,high,high,"VIP 이탈 가능 고객"
USER_0436,2019-12-18,11,2051,recent,high,low,"충성 고객"
USER_0437,2019-09-09,36,5046,past,high,high,"VIP 이탈 가능 고객"
USER_0438,2019-01-15,21,3588,past,high,low,"구매 이탈 가능 고객"
USER_0439,2019-11-16,31,10254,past,high,high,"VIP 이탈 가능 고객"
USER_0440,2019-06-03,6,702,past,high,low,"구매 이탈 가능 고객"
USER_0441,2019-12-18,43,8397,recent,high,high,VIP
USER_0442,2019-05-04,22,2340,past,high,low,"구매 이탈 가능 고객"
USER_0443,2019-02-23,13,2489,past,high,low,"구매 이탈 가능 고객"
USER_0444,2019-08-25,7,1108,past,high,low,"구매 이탈 가능 고객"
USER_0445,2019-10-05,7,1671,past,high,low,"구매 이탈 가능 고객"
USER_0446,2019-09-09,8,419,past,high,low,"구매 이탈 가능 고객"
USER_0447,2019-12-16,41,20989,recent,high,high,VIP
USER_0448,2019-08-24,1,96,past,low,low,"1회성 고객"
USER_0449,2019-12-13,8,1301,recent,high,low,"충성 고객"
USER_0450,2019-10-26,26,4733,past,high,high,"VIP 이탈 가능 고객"
USER_0451,2019-12-27,20,4266,recent,high,high,VIP
USER_0452,2019-06-08,3,322,past,high,low,"구매 이탈 가능 고객"
USER_0453,2019-04-17,9,1464,past,high,low,"구매 이탈 가능 고객"
USER_0454,2019-05-22,1,298,past,low,low,"1회성 고객"
USER_0455,2019-08-19,8,2267,past,high,low,"구매 이탈 가능 고객"
USER_0456,2019-07-18,17,3260,past,high,low,"구매 이탈 가능 고객"
USER_0457,2019-01-31,2,64,past,low,low,"1회성 고객"
USER_0458,2019-11-21,30,2944,recent,high,low,"충성 고객"
USER_0459,2019-12-09,11,845,recent,high,low,"충성 고객"
USER_0460,2019-06-22,9,929,past,high,low,"구매 이탈 가능 고객"
USER_0461,2019-07-19,10,1673,past,high,low,"구매 이탈 가능 고객"
USER_0462,2019-10-10,22,3750,past,high,low,"구매 이탈 가능 고객"
USER_0463,2019-11-20,12,1752,recent,high,low,"충성 고객"
USER_0464,2019-12-11,12,2112,recent,high,low,"충성 고객"
USER_0465,2019-01-31,3,258,past,high,low,"구매 이탈 가능 고객"
USER_0466,2019-01-09,6,731,past,high,low,"구매 이탈 가능 고객"
USER_0467,2019-09-12,5,1008,past,high,low,"구매 이탈 가능 고객"
USER_0468,2019-11-12,3,541,past,high,low,"구매 이탈 가능 고객"
USER_0469,2019-09-14,5,946,past,high,low,"구매 이탈 가능 고객"
USER_0470,2019-10-31,14,3477,past,high,low,"구매 이탈 가능 고객"
USER_0471,2019-10-27,1,207,past,low,low,"1회성 고객"
USER_0472,2019-04-27,15,2952,past,high,low,"구매 이탈 가능 고객"
USER_0473,2019-10-19,18,3880,past,high,low,"구매 이탈 가능 고객"
USER_0474,2019-07-27,10,1130,past,high,low,"구매 이탈 가능 고객"
USER_0475,2019-01-30,1,17,past,low,low,"1회성 고객"
USER_0476,2019-08-22,11,1450,past,high,low,"구매 이탈 가능 고객"
USER_0477,2019-03-21,8,1106,past,high,low,"구매 이탈 가능 고객"
USER_0478,2019-11-12,12,3139,past,high,low,"구매 이탈 가능 고객"
USER_0479,2019-09-14,3,581,past,high,low,"구매 이탈 가능 고객"
USER_0480,2019-03-04,5,910,past,high,low,"구매 이탈 가능 고객"
USER_0481,2019-08-18,2,214,past,low,low,"1회성 고객"
USER_0482,2019-11-29,99,13576,recent,high,high,VIP
USER_0483,2019-11-11,20,3046,past,high,low,"구매 이탈 가능 고객"
USER_0484,2019-09-23,36,7565,past,high,high,"VIP 이탈 가능 고객"
USER_0485,2019-12-15,7,817,recent,high,low,"충성 고객"
USER_0486,2019-12-12,9,3220,recent,high,low,"충성 고객"
USER_0487,2019-10-01,17,2826,past,high,low,"구매 이탈 가능 고객"
USER_0488,2019-08-14,16,2197,past,high,low,"구매 이탈 가능 고객"
USER_0489,2019-09-02,31,4151,past,high,high,"VIP 이탈 가능 고객"
USER_0490,2019-10-13,17,2991,past,high,low,"구매 이탈 가능 고객"
USER_0491,2019-11-03,12,1596,past,high,low,"구매 이탈 가능 고객"
USER_0492,2019-06-22,13,1329,past,high,low,"구매 이탈 가능 고객"
USER_0493,2019-04-13,8,1271,past,high,low,"구매 이탈 가능 고객"
USER_0494,2019-10-12,8,1554,past,high,low,"구매 이탈 가능 고객"
USER_0495,2019-06-20,1,148,past,low,low,"1회성 고객"
USER_0496,2019-04-09,10,1524,past,high,low,"구매 이탈 가능 고객"
USER_0497,2019-10-23,1,612,past,low,low,"1회성 고객"
USER_0498,2019-01-20,21,3496,past,high,low,"구매 이탈 가능 고객"
USER_0499,2019-08-11,34,3526,past,high,low,"구매 이탈 가능 고객"
USER_0500,2019-02-08,24,4375,past,high,high,"VIP 이탈 가능 고객"
USER_0501,2019-11-21,12,1805,recent,high,low,"충성 고객"
USER_0502,2019-09-06,23,3362,past,high,low,"구매 이탈 가능 고객"
USER_0503,2019-10-19,11,2357,past,high,low,"구매 이탈 가능 고객"
USER_0504,2019-12-31,6,1110,recent,high,low,"충성 고객"
USER_0505,2019-12-11,8,604,recent,high,low,"충성 고객"
USER_0506,2019-05-09,5,2157,past,high,low,"구매 이탈 가능 고객"
USER_0507,2019-06-14,4,240,past,high,low,"구매 이탈 가능 고객"
USER_0508,2019-09-18,45,10026,past,high,high,"VIP 이탈 가능 고객"
USER_0509,2019-04-25,8,1498,past,high,low,"구매 이탈 가능 고객"
USER_0510,2019-11-27,24,3685,recent,high,low,"충성 고객"
USER_0511,2019-09-18,8,1053,past,high,low,"구매 이탈 가능 고객"
USER_0512,2019-04-11,2,165,past,low,low,"1회성 고객"
USER_0513,2019-12-31,5,510,recent,high,low,"충성 고객"
USER_0514,2019-10-13,17,2781,past,high,low,"구매 이탈 가능 고객"
USER_0515,2019-11-06,15,5224,past,high,high,"VIP 이탈 가능 고객"
USER_0516,2019-10-03,2,20,past,low,low,"1회성 고객"
USER_0517,2019-12-03,20,4037,recent,high,low,"충성 고객"
USER_0518,2019-12-14,16,1884,recent,high,low,"충성 고객"
USER_0519,2019-05-02,8,690,past,high,low,"구매 이탈 가능 고객"
USER_0520,2019-01-25,28,6031,past,high,high,"VIP 이탈 가능 고객"
USER_0521,2019-10-06,3,804,past,high,low,"구매 이탈 가능 고객"
USER_0522,2019-12-11,1,1528,recent,low,low,"일반 구매 고객"
USER_0523,2019-12-12,2,425,recent,low,low,"일반 구매 고객"
USER_0524,2019-12-25,39,8168,recent,high,high,VIP
USER_0525,2019-12-21,11,1953,recent,high,low,"충성 고객"
USER_0526,2019-11-29,9,2670,recent,high,low,"충성 고객"
USER_0527,2019-08-08,28,5656,past,high,high,"VIP 이탈 가능 고객"
USER_0528,2019-04-14,5,369,past,high,low,"구매 이탈 가능 고객"
USER_0529,2019-03-13,11,1413,past,high,low,"구매 이탈 가능 고객"
USER_0530,2019-01-21,3,534,past,high,low,"구매 이탈 가능 고객"
USER_0531,2019-12-04,3,682,recent,high,low,"충성 고객"
USER_0532,2019-12-19,19,2708,recent,high,low,"충성 고객"
USER_0533,2019-05-14,6,660,past,high,low,"구매 이탈 가능 고객"
USER_0534,2019-10-12,4,935,past,high,low,"구매 이탈 가능 고객"
USER_0535,2019-12-01,21,4782,recent,high,high,VIP
USER_0536,2019-08-04,94,10653,past,high,high,"VIP 이탈 가능 고객"
USER_0537,2019-02-27,30,6180,past,high,high,"VIP 이탈 가능 고객"
USER_0538,2019-08-25,10,1199,past,high,low,"구매 이탈 가능 고객"
USER_0539,2019-05-23,7,887,past,high,low,"구매 이탈 가능 고객"
USER_0540,2019-09-11,18,2032,past,high,low,"구매 이탈 가능 고객"
USER_0541,2019-11-29,84,15573,recent,high,high,VIP
USER_0542,2019-11-22,11,1858,recent,high,low,"충성 고객"
USER_0543,2019-07-13,6,1278,past,high,low,"구매 이탈 가능 고객"
USER_0544,2019-10-23,22,4908,past,high,high,"VIP 이탈 가능 고객"
USER_0545,2019-12-19,10,1401,recent,high,low,"충성 고객"
USER_0546,2019-11-14,42,12680,past,high,high,"VIP 이탈 가능 고객"
USER_0547,2019-10-20,10,2655,past,high,low,"구매 이탈 가능 고객"
USER_0548,2019-05-15,26,4490,past,high,high,"VIP 이탈 가능 고객"
USER_0549,2019-10-27,2,314,past,low,low,"1회성 고객"
USER_0550,2019-12-08,29,6701,recent,high,high,VIP
USER_0551,2019-07-19,6,731,past,high,low,"구매 이탈 가능 고객"
USER_0552,2019-12-21,13,2000,recent,high,low,"충성 고객"
USER_0553,2019-05-16,17,1620,past,high,low,"구매 이탈 가능 고객"
USER_0554,2019-09-26,43,5321,past,high,high,"VIP 이탈 가능 고객"
USER_0555,2019-01-31,36,6820,past,high,high,"VIP 이탈 가능 고객"
USER_0556,2019-01-30,1,60,past,low,low,"1회성 고객"
USER_0557,2019-05-04,19,2472,past,high,low,"구매 이탈 가능 고객"
USER_0558,2019-12-07,57,9894,recent,high,high,VIP
USER_0559,2019-02-02,1,190,past,low,low,"1회성 고객"
USER_0560,2019-01-11,25,4678,past,high,high,"VIP 이탈 가능 고객"
USER_0561,2019-11-23,5,765,recent,high,low,"충성 고객"
USER_0562,2019-12-31,2,729,recent,low,low,"일반 구매 고객"
USER_0563,2019-12-31,289,57147,recent,high,high,VIP
USER_0564,2019-05-11,1,6,past,low,low,"1회성 고객"
USER_0565,2019-10-31,1,119,past,low,low,"1회성 고객"
USER_0566,2019-07-27,3,525,past,high,low,"구매 이탈 가능 고객"
USER_0567,2019-06-16,11,3239,past,high,low,"구매 이탈 가능 고객"
USER_0568,2019-05-19,12,1761,past,high,low,"구매 이탈 가능 고객"
USER_0569,2019-12-05,4,622,recent,high,low,"충성 고객"
USER_0570,2019-06-20,22,2934,past,high,low,"구매 이탈 가능 고객"
USER_0571,2019-07-12,10,1135,past,high,low,"구매 이탈 가능 고객"
USER_0572,2019-10-02,114,21229,past,high,high,"VIP 이탈 가능 고객"
USER_0573,2019-07-23,17,2229,past,high,low,"구매 이탈 가능 고객"
USER_0574,2019-09-13,33,5399,past,high,high,"VIP 이탈 가능 고객"
USER_0575,2019-11-19,21,5715,recent,high,high,VIP
USER_0576,2019-11-15,18,4130,past,high,high,"VIP 이탈 가능 고객"
USER_0577,2019-12-11,12,4944,recent,high,high,VIP
USER_0578,2019-09-12,71,26582,past,high,high,"VIP 이탈 가능 고객"
USER_0579,2019-08-19,43,5841,past,high,high,"VIP 이탈 가능 고객"
USER_0580,2019-08-06,16,2238,past,high,low,"구매 이탈 가능 고객"
USER_0581,2019-03-21,7,1635,past,high,low,"구매 이탈 가능 고객"
USER_0582,2019-01-31,1,154,past,low,low,"1회성 고객"
USER_0583,2019-10-22,38,7142,past,high,high,"VIP 이탈 가능 고객"
USER_0584,2019-05-08,24,3094,past,high,low,"구매 이탈 가능 고객"
USER_0585,2019-11-29,38,7383,recent,high,high,VIP
USER_0586,2019-10-14,18,5200,past,high,high,"VIP 이탈 가능 고객"
USER_0587,2019-09-15,26,3518,past,high,low,"구매 이탈 가능 고객"
USER_0588,2019-11-09,38,7755,past,high,high,"VIP 이탈 가능 고객"
USER_0589,2019-11-16,41,7738,past,high,high,"VIP 이탈 가능 고객"
USER_0590,2019-05-24,8,1710,past,high,low,"구매 이탈 가능 고객"
USER_0591,2019-11-21,17,2670,recent,high,low,"충성 고객"
USER_0592,2019-09-30,49,7323,past,high,high,"VIP 이탈 가능 고객"
USER_0593,2019-08-24,7,480,past,high,low,"구매 이탈 가능 고객"
USER_0594,2019-06-23,41,6633,past,high,high,"VIP 이탈 가능 고객"
USER_0595,2019-01-08,42,8176,past,high,high,"VIP 이탈 가능 고객"
USER_0596,2019-07-18,5,287,past,high,low,"구매 이탈 가능 고객"
USER_0597,2019-11-03,72,10673,past,high,high,"VIP 이탈 가능 고객"
USER_0598,2019-12-14,19,3295,recent,high,low,"충성 고객"
USER_0599,2019-07-12,2,140,past,low,low,"1회성 고객"
USER_0600,2019-11-11,9,2085,past,high,low,"구매 이탈 가능 고객"
USER_0601,2019-07-23,11,941,past,high,low,"구매 이탈 가능 고객"
USER_0602,2019-05-14,8,1269,past,high,low,"구매 이탈 가능 고객"
USER_0603,2019-12-03,9,1772,recent,high,low,"충성 고객"
USER_0604,2019-08-23,19,1543,past,high,low,"구매 이탈 가능 고객"
USER_0605,2019-08-10,18,2708,past,high,low,"구매 이탈 가능 고객"
USER_0606,2019-08-09,3,865,past,high,low,"구매 이탈 가능 고객"
USER_0607,2019-04-18,5,760,past,high,low,"구매 이탈 가능 고객"
USER_0608,2019-09-20,33,5172,past,high,high,"VIP 이탈 가능 고객"
USER_0609,2019-09-29,9,1032,past,high,low,"구매 이탈 가능 고객"
USER_0610,2019-01-29,9,1420,past,high,low,"구매 이탈 가능 고객"
USER_0611,2019-11-29,19,2939,recent,high,low,"충성 고객"
USER_0612,2019-06-20,1,29,past,low,low,"1회성 고객"
USER_0613,2019-12-21,15,2768,recent,high,low,"충성 고객"
USER_0614,2019-10-03,20,8507,past,high,high,"VIP 이탈 가능 고객"
USER_0615,2019-10-13,3,480,past,high,low,"구매 이탈 가능 고객"
USER_0616,2019-09-26,3,243,past,high,low,"구매 이탈 가능 고객"
USER_0617,2019-08-12,5,774,past,high,low,"구매 이탈 가능 고객"
USER_0618,2019-10-12,80,14321,past,high,high,"VIP 이탈 가능 고객"
USER_0619,2019-12-14,5,1123,recent,high,low,"충성 고객"
USER_0620,2019-08-08,73,10630,past,high,high,"VIP 이탈 가능 고객"
USER_0621,2019-11-22,15,3040,recent,high,low,"충성 고객"
USER_0622,2019-12-28,24,4560,recent,high,high,VIP
USER_0623,2019-02-15,25,2762,past,high,low,"구매 이탈 가능 고객"
USER_0624,2019-03-27,1,357,past,low,low,"1회성 고객"
USER_0625,2019-06-14,11,1967,past,high,low,"구매 이탈 가능 고객"
USER_0626,2019-08-02,3,281,past,high,low,"구매 이탈 가능 고객"
USER_0627,2019-06-12,19,4516,past,high,high,"VIP 이탈 가능 고객"
USER_0628,2019-06-13,11,2237,past,high,low,"구매 이탈 가능 고객"
USER_0629,2019-12-27,2,163,recent,low,low,"일반 구매 고객"
USER_0630,2019-11-03,31,4840,past,high,high,"VIP 이탈 가능 고객"
USER_0631,2019-12-06,12,1413,recent,high,low,"충성 고객"
USER_0632,2019-01-30,1,32,past,low,low,"1회성 고객"
USER_0633,2019-04-07,1,15,past,low,low,"1회성 고객"
USER_0634,2019-08-07,8,750,past,high,low,"구매 이탈 가능 고객"
USER_0635,2019-05-25,8,812,past,high,low,"구매 이탈 가능 고객"
USER_0636,2019-06-15,6,917,past,high,low,"구매 이탈 가능 고객"
USER_0637,2019-08-06,7,502,past,high,low,"구매 이탈 가능 고객"
USER_0638,2019-09-30,1,80,past,low,low,"1회성 고객"
USER_0639,2019-04-14,19,3316,past,high,low,"구매 이탈 가능 고객"
USER_0640,2019-09-12,9,1600,past,high,low,"구매 이탈 가능 고객"
USER_0641,2019-05-24,25,4551,past,high,high,"VIP 이탈 가능 고객"
USER_0642,2019-05-24,20,4871,past,high,high,"VIP 이탈 가능 고객"
USER_0643,2019-12-21,276,49137,recent,high,high,VIP
USER_0644,2019-06-09,7,618,past,high,low,"구매 이탈 가능 고객"
USER_0645,2019-09-24,7,2267,past,high,low,"구매 이탈 가능 고객"
USER_0646,2019-04-13,3,715,past,high,low,"구매 이탈 가능 고객"
USER_0647,2019-07-13,1,38,past,low,low,"1회성 고객"
USER_0648,2019-04-29,7,565,past,high,low,"구매 이탈 가능 고객"
USER_0649,2019-08-01,18,3265,past,high,low,"구매 이탈 가능 고객"
USER_0650,2019-11-09,4,1368,past,high,low,"구매 이탈 가능 고객"
USER_0651,2019-09-08,10,845,past,high,low,"구매 이탈 가능 고객"
USER_0652,2019-10-31,29,4395,past,high,high,"VIP 이탈 가능 고객"
USER_0653,2019-06-24,32,4558,past,high,high,"VIP 이탈 가능 고객"
USER_0654,2019-04-13,1,293,past,low,low,"1회성 고객"
USER_0655,2019-07-20,23,3147,past,high,low,"구매 이탈 가능 고객"
USER_0656,2019-12-13,70,10733,recent,high,high,VIP
USER_0657,2019-01-09,30,5218,past,high,high,"VIP 이탈 가능 고객"
USER_0658,2019-03-20,1,297,past,low,low,"1회성 고객"
USER_0659,2019-03-30,19,3596,past,high,low,"구매 이탈 가능 고객"
USER_0660,2019-09-18,41,6555,past,high,high,"VIP 이탈 가능 고객"
USER_0661,2019-03-27,19,4630,past,high,high,"VIP 이탈 가능 고객"
USER_0662,2019-03-10,7,815,past,high,low,"구매 이탈 가능 고객"
USER_0663,2019-04-05,18,1796,past,high,low,"구매 이탈 가능 고객"
USER_0664,2019-09-01,14,3107,past,high,low,"구매 이탈 가능 고객"
USER_0665,2019-07-25,35,5773,past,high,high,"VIP 이탈 가능 고객"
USER_0666,2019-02-12,23,2354,past,high,low,"구매 이탈 가능 고객"
USER_0667,2019-12-05,148,26699,recent,high,high,VIP
USER_0668,2019-08-16,52,8598,past,high,high,"VIP 이탈 가능 고객"
USER_0669,2019-12-12,21,3947,recent,high,low,"충성 고객"
USER_0670,2019-03-07,5,829,past,high,low,"구매 이탈 가능 고객"
USER_0671,2019-10-17,19,3087,past,high,low,"구매 이탈 가능 고객"
USER_0672,2019-11-16,17,2917,past,high,low,"구매 이탈 가능 고객"
USER_0673,2019-12-03,33,5973,recent,high,high,VIP
USER_0674,2019-10-06,16,2480,past,high,low,"구매 이탈 가능 고객"
USER_0675,2019-10-27,80,15150,past,high,high,"VIP 이탈 가능 고객"
USER_0676,2019-06-11,7,367,past,high,low,"구매 이탈 가능 고객"
USER_0677,2019-01-19,1,206,past,low,low,"1회성 고객"
USER_0678,2019-10-16,30,4427,past,high,high,"VIP 이탈 가능 고객"
USER_0679,2019-11-20,17,4404,recent,high,high,VIP
USER_0680,2019-03-26,4,533,past,high,low,"구매 이탈 가능 고객"
USER_0681,2019-12-26,15,2552,recent,high,low,"충성 고객"
USER_0682,2019-07-23,17,3162,past,high,low,"구매 이탈 가능 고객"
USER_0683,2019-08-30,6,1042,past,high,low,"구매 이탈 가능 고객"
USER_0684,2019-08-01,4,225,past,high,low,"구매 이탈 가능 고객"
USER_0685,2019-12-09,12,1177,recent,high,low,"충성 고객"
USER_0686,2019-10-20,9,1804,past,high,low,"구매 이탈 가능 고객"
USER_0687,2019-01-20,9,2624,past,high,low,"구매 이탈 가능 고객"
USER_0688,2019-08-03,4,275,past,high,low,"구매 이탈 가능 고객"
USER_0689,2019-11-29,10,3429,recent,high,low,"충성 고객"
USER_0690,2019-06-28,24,2874,past,high,low,"구매 이탈 가능 고객"
USER_0691,2019-11-18,51,7842,recent,high,high,VIP
USER_0692,2019-06-27,3,407,past,high,low,"구매 이탈 가능 고객"
USER_0693,2019-07-18,5,378,past,high,low,"구매 이탈 가능 고객"
USER_0694,2019-01-11,12,2151,past,high,low,"구매 이탈 가능 고객"
USER_0695,2019-10-08,14,2517,past,high,low,"구매 이탈 가능 고객"
USER_0696,2019-09-22,3,102,past,high,low,"구매 이탈 가능 고객"
USER_0697,2019-09-30,1,500,past,low,low,"1회성 고객"
USER_0698,2019-10-16,26,3620,past,high,low,"구매 이탈 가능 고객"
USER_0699,2019-03-24,6,534,past,high,low,"구매 이탈 가능 고객"
USER_0700,2019-05-24,2,59,past,low,low,"1회성 고객"
USER_0701,2019-11-29,7,1416,recent,high,low,"충성 고객"
USER_0702,2019-04-19,9,950,past,high,low,"구매 이탈 가능 고객"
USER_0703,2019-12-02,55,23365,recent,high,high,VIP
USER_0704,2019-08-22,3,55,past,high,low,"구매 이탈 가능 고객"
USER_0705,2019-12-26,1,141,recent,low,low,"일반 구매 고객"
USER_0706,2019-12-07,6,149,recent,high,low,"충성 고객"
USER_0707,2019-06-27,7,329,past,high,low,"구매 이탈 가능 고객"
USER_0708,2019-07-12,1,51,past,low,low,"1회성 고객"
USER_0709,2019-04-20,8,1054,past,high,low,"구매 이탈 가능 고객"
USER_0710,2019-10-22,9,579,past,high,low,"구매 이탈 가능 고객"
USER_0711,2019-11-03,2,250,past,low,low,"1회성 고객"
USER_0712,2019-10-20,15,2506,past,high,low,"구매 이탈 가능 고객"
USER_0713,2019-04-05,5,307,past,high,low,"구매 이탈 가능 고객"
USER_0714,2019-10-17,5,923,past,high,low,"구매 이탈 가능 고객"
USER_0715,2019-06-20,9,311,past,high,low,"구매 이탈 가능 고객"
USER_0716,2019-12-12,7,840,recent,high,low,"충성 고객"
USER_0717,2019-11-03,5,1067,past,high,low,"구매 이탈 가능 고객"
USER_0718,2019-12-19,34,6376,recent,high,high,VIP
USER_0719,2019-12-04,11,2195,recent,high,low,"충성 고객"
USER_0720,2019-06-13,6,215,past,high,low,"구매 이탈 가능 고객"
USER_0721,2019-01-20,9,1619,past,high,low,"구매 이탈 가능 고객"
USER_0722,2019-09-27,9,1871,past,high,low,"구매 이탈 가능 고객"
USER_0723,2019-07-23,4,641,past,high,low,"구매 이탈 가능 고객"
USER_0724,2019-12-13,8,801,recent,high,low,"충성 고객"
USER_0725,2019-07-26,16,3612,past,high,low,"구매 이탈 가능 고객"
USER_0726,2019-07-06,7,1624,past,high,low,"구매 이탈 가능 고객"
USER_0727,2019-10-05,27,3530,past,high,low,"구매 이탈 가능 고객"
USER_0728,2019-04-17,10,2272,past,high,low,"구매 이탈 가능 고객"
USER_0729,2019-09-04,7,516,past,high,low,"구매 이탈 가능 고객"
USER_0730,2019-10-14,13,916,past,high,low,"구매 이탈 가능 고객"
USER_0731,2019-09-10,30,6878,past,high,high,"VIP 이탈 가능 고객"
USER_0732,2019-09-20,17,1890,past,high,low,"구매 이탈 가능 고객"
USER_0733,2019-01-29,1,339,past,low,low,"1회성 고객"
USER_0734,2019-03-07,17,3102,past,high,low,"구매 이탈 가능 고객"
USER_0735,2019-03-06,3,252,past,high,low,"구매 이탈 가능 고객"
USER_0736,2019-12-19,291,76032,recent,high,high,VIP
USER_0737,2019-07-07,5,524,past,high,low,"구매 이탈 가능 고객"
USER_0738,2019-09-09,1,44,past,low,low,"1회성 고객"
USER_0739,2019-08-14,10,1711,past,high,low,"구매 이탈 가능 고객"
USER_0740,2019-04-19,1,60,past,low,low,"1회성 고객"
USER_0741,2019-04-06,17,2598,past,high,low,"구매 이탈 가능 고객"
USER_0742,2019-10-23,32,5244,past,high,high,"VIP 이탈 가능 고객"
USER_0743,2019-08-17,7,724,past,high,low,"구매 이탈 가능 고객"
USER_0744,2019-04-07,2,72,past,low,low,"1회성 고객"
USER_0745,2019-01-10,3,563,past,high,low,"구매 이탈 가능 고객"
USER_0746,2019-02-14,24,20974,past,high,high,"VIP 이탈 가능 고객"
USER_0747,2019-03-20,4,978,past,high,low,"구매 이탈 가능 고객"
USER_0748,2019-05-24,58,9360,past,high,high,"VIP 이탈 가능 고객"
USER_0749,2019-12-03,69,10533,recent,high,high,VIP
USER_0750,2019-05-12,5,465,past,high,low,"구매 이탈 가능 고객"
USER_0751,2019-01-22,2,1063,past,low,low,"1회성 고객"
USER_0752,2019-11-20,9,2080,recent,high,low,"충성 고객"
USER_0753,2019-06-20,6,1274,past,high,low,"구매 이탈 가능 고객"
USER_0754,2019-08-17,2,68,past,low,low,"1회성 고객"
USER_0755,2019-10-30,16,2467,past,high,low,"구매 이탈 가능 고객"
USER_0756,2019-09-28,62,10073,past,high,high,"VIP 이탈 가능 고객"
USER_0757,2019-04-19,1,315,past,low,low,"1회성 고객"
USER_0758,2019-06-05,13,1717,past,high,low,"구매 이탈 가능 고객"
USER_0759,2019-06-21,10,1614,past,high,low,"구매 이탈 가능 고객"
USER_0760,2019-06-16,15,2792,past,high,low,"구매 이탈 가능 고객"
USER_0761,2019-09-15,6,1137,past,high,low,"구매 이탈 가능 고객"
USER_0762,2019-11-25,38,7346,recent,high,high,VIP
USER_0763,2019-12-13,2,577,recent,low,low,"일반 구매 고객"
USER_0764,2019-09-30,4,345,past,high,low,"구매 이탈 가능 고객"
USER_0765,2019-03-15,33,6248,past,high,high,"VIP 이탈 가능 고객"
USER_0766,2019-10-08,24,3169,past,high,low,"구매 이탈 가능 고객"
USER_0767,2019-08-27,5,655,past,high,low,"구매 이탈 가능 고객"
USER_0768,2019-11-27,21,5144,recent,high,high,VIP
USER_0769,2019-05-10,11,1604,past,high,low,"구매 이탈 가능 고객"
USER_0770,2019-06-11,12,1422,past,high,low,"구매 이탈 가능 고객"
USER_0771,2019-07-11,33,6235,past,high,high,"VIP 이탈 가능 고객"
USER_0772,2019-07-25,68,12876,past,high,high,"VIP 이탈 가능 고객"
USER_0773,2019-10-05,11,1435,past,high,low,"구매 이탈 가능 고객"
USER_0774,2019-05-23,1,3,past,low,low,"1회성 고객"
USER_0775,2019-06-13,5,221,past,high,low,"구매 이탈 가능 고객"
USER_0776,2019-08-07,12,2437,past,high,low,"구매 이탈 가능 고객"
USER_0777,2019-11-27,9,1629,recent,high,low,"충성 고객"
USER_0778,2019-10-14,85,11427,past,high,high,"VIP 이탈 가능 고객"
USER_0779,2019-03-16,22,4189,past,high,high,"VIP 이탈 가능 고객"
USER_0780,2019-05-03,39,3751,past,high,low,"구매 이탈 가능 고객"
USER_0781,2019-08-28,1,19,past,low,low,"1회성 고객"
USER_0782,2019-06-06,4,132,past,high,low,"구매 이탈 가능 고객"
USER_0783,2019-11-08,18,4464,past,high,high,"VIP 이탈 가능 고객"
USER_0784,2019-05-25,52,6515,past,high,high,"VIP 이탈 가능 고객"
USER_0785,2019-10-23,28,3908,past,high,low,"구매 이탈 가능 고객"
USER_0786,2019-01-09,36,7825,past,high,high,"VIP 이탈 가능 고객"
USER_0787,2019-11-18,17,2857,recent,high,low,"충성 고객"
USER_0788,2019-09-27,42,8206,past,high,high,"VIP 이탈 가능 고객"
USER_0789,2019-06-21,29,6005,past,high,high,"VIP 이탈 가능 고객"
USER_0790,2019-09-05,30,3955,past,high,low,"구매 이탈 가능 고객"
USER_0791,2019-01-22,15,2053,past,high,low,"구매 이탈 가능 고객"
USER_0792,2019-02-10,12,3373,past,high,low,"구매 이탈 가능 고객"
USER_0793,2019-11-19,48,7728,recent,high,high,VIP
USER_0794,2019-11-22,33,9151,recent,high,high,VIP
USER_0795,2019-05-15,49,5651,past,high,high,"VIP 이탈 가능 고객"
USER_0796,2019-07-14,1,79,past,low,low,"1회성 고객"
USER_0797,2019-06-14,6,1451,past,high,low,"구매 이탈 가능 고객"
USER_0798,2019-08-19,1,208,past,low,low,"1회성 고객"
USER_0799,2019-09-01,57,17843,past,high,high,"VIP 이탈 가능 고객"
USER_0800,2019-06-16,64,10056,past,high,high,"VIP 이탈 가능 고객"
USER_0801,2019-11-23,18,3707,recent,high,low,"충성 고객"
USER_0802,2019-07-11,17,2639,past,high,low,"구매 이탈 가능 고객"
USER_0803,2019-07-14,2,613,past,low,low,"1회성 고객"
USER_0804,2019-12-11,6,1366,recent,high,low,"충성 고객"
USER_0805,2019-11-08,18,3170,past,high,low,"구매 이탈 가능 고객"
USER_0806,2019-11-14,88,16226,past,high,high,"VIP 이탈 가능 고객"
USER_0807,2019-12-01,12,1370,recent,high,low,"충성 고객"
USER_0808,2019-01-10,9,2287,past,high,low,"구매 이탈 가능 고객"
USER_0809,2019-09-22,4,519,past,high,low,"구매 이탈 가능 고객"
USER_0810,2019-08-03,6,890,past,high,low,"구매 이탈 가능 고객"
USER_0811,2019-08-08,1,97,past,low,low,"1회성 고객"
USER_0812,2019-08-30,20,4233,past,high,high,"VIP 이탈 가능 고객"
USER_0813,2019-06-19,13,1163,past,high,low,"구매 이탈 가능 고객"
USER_0814,2019-08-30,7,900,past,high,low,"구매 이탈 가능 고객"
USER_0815,2019-03-27,14,2146,past,high,low,"구매 이탈 가능 고객"
USER_0816,2019-08-17,47,9701,past,high,high,"VIP 이탈 가능 고객"
USER_0817,2019-06-09,7,1249,past,high,low,"구매 이탈 가능 고객"
USER_0818,2019-01-29,13,1723,past,high,low,"구매 이탈 가능 고객"
USER_0819,2019-08-04,2,82,past,low,low,"1회성 고객"
USER_0820,2019-12-18,17,4591,recent,high,high,VIP
USER_0821,2019-04-11,6,590,past,high,low,"구매 이탈 가능 고객"
USER_0822,2019-11-01,5,1372,past,high,low,"구매 이탈 가능 고객"
USER_0823,2019-06-12,1,350,past,low,low,"1회성 고객"
USER_0824,2019-09-07,17,2015,past,high,low,"구매 이탈 가능 고객"
USER_0825,2019-04-06,14,2263,past,high,low,"구매 이탈 가능 고객"
USER_0826,2019-12-07,22,5410,recent,high,high,VIP
USER_0827,2019-05-12,2,913,past,low,low,"1회성 고객"
USER_0828,2019-12-06,12,2508,recent,high,low,"충성 고객"
USER_0829,2019-11-21,28,3495,recent,high,low,"충성 고객"
USER_0830,2019-11-25,47,8342,recent,high,high,VIP
USER_0831,2019-05-24,5,1001,past,high,low,"구매 이탈 가능 고객"
USER_0832,2019-02-17,22,2291,past,high,low,"구매 이탈 가능 고객"
USER_0833,2019-12-18,95,16009,recent,high,high,VIP
USER_0834,2019-04-26,22,3603,past,high,low,"구매 이탈 가능 고객"
USER_0835,2019-08-25,37,6997,past,high,high,"VIP 이탈 가능 고객"
USER_0836,2019-01-25,4,323,past,high,low,"구매 이탈 가능 고객"
USER_0837,2019-11-28,15,2096,recent,high,low,"충성 고객"
USER_0838,2019-08-19,5,634,past,high,low,"구매 이탈 가능 고객"
USER_0839,2019-04-18,12,2128,past,high,low,"구매 이탈 가능 고객"
USER_0840,2019-01-17,8,1658,past,high,low,"구매 이탈 가능 고객"
USER_0841,2019-06-20,1,55,past,low,low,"1회성 고객"
USER_0842,2019-08-06,6,764,past,high,low,"구매 이탈 가능 고객"
USER_0843,2019-10-28,6,562,past,high,low,"구매 이탈 가능 고객"
USER_0844,2019-06-26,9,1866,past,high,low,"구매 이탈 가능 고객"
USER_0845,2019-12-31,3,738,recent,high,low,"충성 고객"
USER_0846,2019-06-19,13,2131,past,high,low,"구매 이탈 가능 고객"
USER_0847,2019-10-17,1,199,past,low,low,"1회성 고객"
USER_0848,2019-08-11,8,958,past,high,low,"구매 이탈 가능 고객"
USER_0849,2019-04-22,6,1806,past,high,low,"구매 이탈 가능 고객"
USER_0850,2019-12-30,123,20126,recent,high,high,VIP
USER_0851,2019-06-28,12,1148,past,high,low,"구매 이탈 가능 고객"
USER_0852,2019-10-29,2,348,past,low,low,"1회성 고객"
USER_0853,2019-10-14,9,1759,past,high,low,"구매 이탈 가능 고객"
USER_0854,2019-06-08,6,926,past,high,low,"구매 이탈 가능 고객"
USER_0855,2019-07-28,9,635,past,high,low,"구매 이탈 가능 고객"
USER_0856,2019-11-27,22,3079,recent,high,low,"충성 고객"
USER_0857,2019-09-24,3,1001,past,high,low,"구매 이탈 가능 고객"
USER_0858,2019-01-29,1,24,past,low,low,"1회성 고객"
USER_0859,2019-08-26,5,652,past,high,low,"구매 이탈 가능 고객"
USER_0860,2019-12-10,5,480,recent,high,low,"충성 고객"
USER_0861,2019-07-20,5,139,past,high,low,"구매 이탈 가능 고객"
USER_0862,2019-08-01,7,3841,past,high,low,"구매 이탈 가능 고객"
USER_0863,2019-12-08,14,2564,recent,high,low,"충성 고객"
USER_0864,2019-07-15,32,4240,past,high,high,"VIP 이탈 가능 고객"
USER_0865,2019-03-23,18,3299,past,high,low,"구매 이탈 가능 고객"
USER_0866,2019-03-06,10,1917,past,high,low,"구매 이탈 가능 고객"
USER_0867,2019-01-03,40,8193,past,high,high,"VIP 이탈 가능 고객"
USER_0868,2019-12-04,8,1291,recent,high,low,"충성 고객"
USER_0869,2019-11-03,78,11920,past,high,high,"VIP 이탈 가능 고객"
USER_0870,2019-02-23,46,12737,past,high,high,"VIP 이탈 가능 고객"
USER_0871,2019-12-04,19,4253,recent,high,high,VIP
USER_0872,2019-03-13,11,1736,past,high,low,"구매 이탈 가능 고객"
USER_0873,2019-12-19,1,22,recent,low,low,"일반 구매 고객"
USER_0874,2019-02-28,37,9459,past,high,high,"VIP 이탈 가능 고객"
USER_0875,2019-02-26,25,3488,past,high,low,"구매 이탈 가능 고객"
USER_0876,2019-03-22,38,4591,past,high,high,"VIP 이탈 가능 고객"
USER_0877,2019-03-04,4,368,past,high,low,"구매 이탈 가능 고객"
USER_0878,2019-11-08,28,5816,past,high,high,"VIP 이탈 가능 고객"
USER_0879,2019-08-29,27,3624,past,high,low,"구매 이탈 가능 고객"
USER_0880,2019-03-06,24,4223,past,high,high,"VIP 이탈 가능 고객"
USER_0881,2019-01-22,6,652,past,high,low,"구매 이탈 가능 고객"
USER_0882,2019-01-21,14,2116,past,high,low,"구매 이탈 가능 고객"
USER_0883,2019-09-26,4,1342,past,high,low,"구매 이탈 가능 고객"
USER_0884,2019-12-07,7,1066,recent,high,low,"충성 고객"
USER_0885,2019-12-10,1,7,recent,low,low,"일반 구매 고객"
USER_0886,2019-04-16,2,459,past,low,low,"1회성 고객"
USER_0887,2019-06-06,12,1972,past,high,low,"구매 이탈 가능 고객"
USER_0888,2019-08-22,11,2337,past,high,low,"구매 이탈 가능 고객"
USER_0889,2019-01-19,15,2482,past,high,low,"구매 이탈 가능 고객"
USER_0890,2019-03-22,9,2102,past,high,low,"구매 이탈 가능 고객"
USER_0891,2019-10-20,15,2725,past,high,low,"구매 이탈 가능 고객"
USER_0892,2019-12-10,3,397,recent,high,low,"충성 고객"
USER_0893,2019-07-19,3,315,past,high,low,"구매 이탈 가능 고객"
USER_0894,2019-12-08,2,118,recent,low,low,"일반 구매 고객"
USER_0895,2019-05-26,38,5807,past,high,high,"VIP 이탈 가능 고객"
USER_0896,2019-07-22,5,667,past,high,low,"구매 이탈 가능 고객"
USER_0897,2019-03-04,3,243,past,high,low,"구매 이탈 가능 고객"
USER_0898,2019-04-09,9,832,past,high,low,"구매 이탈 가능 고객"
USER_0899,2019-05-09,48,8346,past,high,high,"VIP 이탈 가능 고객"
USER_0900,2019-06-07,9,1605,past,high,low,"구매 이탈 가능 고객"
USER_0901,2019-05-07,14,3633,past,high,low,"구매 이탈 가능 고객"
USER_0902,2019-12-09,33,6053,recent,high,high,VIP
USER_0903,2019-08-02,8,453,past,high,low,"구매 이탈 가능 고객"
USER_0904,2019-04-06,33,6408,past,high,high,"VIP 이탈 가능 고객"
USER_0905,2019-11-20,9,951,recent,high,low,"충성 고객"
USER_0906,2019-12-26,31,5112,recent,high,high,VIP
USER_0907,2019-12-16,21,3594,recent,high,low,"충성 고객"
USER_0908,2019-09-14,50,7543,past,high,high,"VIP 이탈 가능 고객"
USER_0909,2019-08-18,2,212,past,low,low,"1회성 고객"
USER_0910,2019-06-13,7,916,past,high,low,"구매 이탈 가능 고객"
USER_0911,2019-08-19,5,535,past,high,low,"구매 이탈 가능 고객"
USER_0912,2019-10-28,8,1030,past,high,low,"구매 이탈 가능 고객"
USER_0913,2019-01-13,5,1408,past,high,low,"구매 이탈 가능 고객"
USER_0914,2019-09-06,21,2543,past,high,low,"구매 이탈 가능 고객"
USER_0915,2019-04-27,5,607,past,high,low,"구매 이탈 가능 고객"
USER_0916,2019-04-15,39,7333,past,high,high,"VIP 이탈 가능 고객"
USER_0917,2019-03-29,14,2942,past,high,low,"구매 이탈 가능 고객"
USER_0918,2019-05-24,8,504,past,high,low,"구매 이탈 가능 고객"
USER_0919,2019-10-06,12,2058,past,high,low,"구매 이탈 가능 고객"
USER_0920,2019-03-22,5,801,past,high,low,"구매 이탈 가능 고객"
USER_0921,2019-08-01,1,20,past,low,low,"1회성 고객"
USER_0922,2019-01-02,5,846,past,high,low,"구매 이탈 가능 고객"
USER_0923,2019-12-24,3,760,recent,high,low,"충성 고객"
USER_0924,2019-12-09,69,12643,recent,high,high,VIP
USER_0925,2019-08-16,5,934,past,high,low,"구매 이탈 가능 고객"
USER_0926,2019-08-17,8,637,past,high,low,"구매 이탈 가능 고객"
USER_0927,2019-11-14,8,887,past,high,low,"구매 이탈 가능 고객"
USER_0928,2019-03-26,11,1689,past,high,low,"구매 이탈 가능 고객"
USER_0929,2019-11-15,7,1212,past,high,low,"구매 이탈 가능 고객"
USER_0930,2019-07-11,12,2423,past,high,low,"구매 이탈 가능 고객"
USER_0931,2019-03-16,1,3,past,low,low,"1회성 고객"
USER_0932,2019-02-07,6,1046,past,high,low,"구매 이탈 가능 고객"
USER_0933,2019-07-07,12,3098,past,high,low,"구매 이탈 가능 고객"
USER_0934,2019-08-18,17,2361,past,high,low,"구매 이탈 가능 고객"
USER_0935,2019-08-01,14,1985,past,high,low,"구매 이탈 가능 고객"
USER_0936,2019-07-05,7,1129,past,high,low,"구매 이탈 가능 고객"
USER_0937,2019-12-12,13,1906,recent,high,low,"충성 고객"
USER_0938,2019-12-10,64,11517,recent,high,high,VIP
USER_0939,2019-04-20,4,105,past,high,low,"구매 이탈 가능 고객"
USER_0940,2019-10-16,3,498,past,high,low,"구매 이탈 가능 고객"
USER_0941,2019-01-25,2,727,past,low,low,"1회성 고객"
USER_0942,2019-12-03,15,1359,recent,high,low,"충성 고객"
USER_0943,2019-05-22,7,811,past,high,low,"구매 이탈 가능 고객"
USER_0944,2019-08-18,11,1597,past,high,low,"구매 이탈 가능 고객"
USER_0945,2019-09-05,11,1380,past,high,low,"구매 이탈 가능 고객"
USER_0946,2019-12-15,20,3898,recent,high,low,"충성 고객"
USER_0947,2019-01-04,17,3810,past,high,low,"구매 이탈 가능 고객"
USER_0948,2019-03-21,4,1161,past,high,low,"구매 이탈 가능 고객"
USER_0949,2019-10-26,71,11159,past,high,high,"VIP 이탈 가능 고객"
USER_0950,2019-08-30,6,686,past,high,low,"구매 이탈 가능 고객"
USER_0951,2019-09-04,7,839,past,high,low,"구매 이탈 가능 고객"
USER_0952,2019-07-19,30,5886,past,high,high,"VIP 이탈 가능 고객"
USER_0953,2019-01-20,28,5317,past,high,high,"VIP 이탈 가능 고객"
USER_0954,2019-01-02,8,1971,past,high,low,"구매 이탈 가능 고객"
USER_0955,2019-04-10,12,1600,past,high,low,"구매 이탈 가능 고객"
USER_0956,2019-07-17,24,4297,past,high,high,"VIP 이탈 가능 고객"
USER_0957,2019-05-24,2,663,past,low,low,"1회성 고객"
USER_0958,2019-04-24,10,2439,past,high,low,"구매 이탈 가능 고객"
USER_0959,2019-07-12,23,4148,past,high,high,"VIP 이탈 가능 고객"
USER_0960,2019-06-20,4,620,past,high,low,"구매 이탈 가능 고객"
USER_0961,2019-01-13,32,6152,past,high,high,"VIP 이탈 가능 고객"
USER_0962,2019-08-13,2,172,past,low,low,"1회성 고객"
USER_0963,2019-07-17,8,776,past,high,low,"구매 이탈 가능 고객"
USER_0964,2019-03-24,7,665,past,high,low,"구매 이탈 가능 고객"
USER_0965,2019-08-15,14,2234,past,high,low,"구매 이탈 가능 고객"
USER_0966,2019-08-01,7,393,past,high,low,"구매 이탈 가능 고객"
USER_0967,2019-08-27,4,224,past,high,low,"구매 이탈 가능 고객"
USER_0968,2019-07-22,17,2316,past,high,low,"구매 이탈 가능 고객"
USER_0969,2019-09-27,2,202,past,low,low,"1회성 고객"
USER_0970,2019-11-22,14,1889,recent,high,low,"충성 고객"
USER_0971,2019-11-17,54,9197,recent,high,high,VIP
USER_0972,2019-12-16,1,606,recent,low,low,"일반 구매 고객"
USER_0973,2019-08-13,13,946,past,high,low,"구매 이탈 가능 고객"
USER_0974,2019-08-17,2,263,past,low,low,"1회성 고객"
USER_0975,2019-12-20,9,846,recent,high,low,"충성 고객"
USER_0976,2019-09-04,4,63,past,high,low,"구매 이탈 가능 고객"
USER_0977,2019-06-09,6,485,past,high,low,"구매 이탈 가능 고객"
USER_0978,2019-05-06,14,1296,past,high,low,"구매 이탈 가능 고객"
USER_0979,2019-12-12,9,1767,recent,high,low,"충성 고객"
USER_0980,2019-04-04,9,791,past,high,low,"구매 이탈 가능 고객"
USER_0981,2019-10-02,2,28,past,low,low,"1회성 고객"
USER_0982,2019-05-06,13,1319,past,high,low,"구매 이탈 가능 고객"
USER_0983,2019-09-26,39,6577,past,high,high,"VIP 이탈 가능 고객"
USER_0984,2019-09-05,10,724,past,high,low,"구매 이탈 가능 고객"
USER_0985,2019-02-24,27,5179,past,high,high,"VIP 이탈 가능 고객"
USER_0986,2019-11-30,3,772,recent,high,low,"충성 고객"
USER_0987,2019-12-15,1,38,recent,low,low,"일반 구매 고객"
USER_0988,2019-11-30,10,1207,recent,high,low,"충성 고객"
USER_0989,2019-11-03,30,5057,past,high,high,"VIP 이탈 가능 고객"
USER_0990,2019-02-23,10,856,past,high,low,"구매 이탈 가능 고객"
USER_0991,2019-12-06,7,946,recent,high,low,"충성 고객"
USER_0992,2019-12-07,27,4340,recent,high,high,VIP
USER_0993,2019-07-28,1,11,past,low,low,"1회성 고객"
USER_0994,2019-05-23,29,4987,past,high,high,"VIP 이탈 가능 고객"
USER_0995,2019-05-21,13,1638,past,high,low,"구매 이탈 가능 고객"
USER_0996,2019-12-28,42,8469,recent,high,high,VIP
USER_0997,2019-05-24,5,457,past,high,low,"구매 이탈 가능 고객"
USER_0998,2019-06-14,20,2424,past,high,low,"구매 이탈 가능 고객"
USER_0999,2019-08-02,4,380,past,high,low,"구매 이탈 가능 고객"
USER_1000,2019-10-11,30,4587,past,high,high,"VIP 이탈 가능 고객"
USER_1001,2019-08-30,1,32,past,low,low,"1회성 고객"
USER_1002,2019-11-05,31,5846,past,high,high,"VIP 이탈 가능 고객"
USER_1003,2019-10-27,10,2979,past,high,low,"구매 이탈 가능 고객"
USER_1004,2019-06-01,13,1820,past,high,low,"구매 이탈 가능 고객"
USER_1005,2019-08-26,1,10,past,low,low,"1회성 고객"
USER_1006,2019-08-28,26,4347,past,high,high,"VIP 이탈 가능 고객"
USER_1007,2019-01-24,10,2074,past,high,low,"구매 이탈 가능 고객"
USER_1008,2019-12-07,16,2487,recent,high,low,"충성 고객"
USER_1009,2019-04-18,1,72,past,low,low,"1회성 고객"
USER_1010,2019-04-16,32,7206,past,high,high,"VIP 이탈 가능 고객"
USER_1011,2019-11-18,18,1937,recent,high,low,"충성 고객"
USER_1012,2019-12-29,27,3571,recent,high,low,"충성 고객"
USER_1013,2019-10-23,9,1261,past,high,low,"구매 이탈 가능 고객"
USER_1014,2019-07-21,1,11,past,low,low,"1회성 고객"
USER_1015,2019-06-20,14,3414,past,high,low,"구매 이탈 가능 고객"
USER_1016,2019-01-29,11,1606,past,high,low,"구매 이탈 가능 고객"
USER_1017,2019-08-10,15,1573,past,high,low,"구매 이탈 가능 고객"
USER_1018,2019-03-14,22,3387,past,high,low,"구매 이탈 가능 고객"
USER_1019,2019-08-02,8,614,past,high,low,"구매 이탈 가능 고객"
USER_1020,2019-01-07,4,451,past,high,low,"구매 이탈 가능 고객"
USER_1021,2019-05-31,5,5847,past,high,high,"VIP 이탈 가능 고객"
USER_1022,2019-08-23,1,497,past,low,low,"1회성 고객"
USER_1023,2019-05-30,9,1431,past,high,low,"구매 이탈 가능 고객"
USER_1024,2019-10-12,28,3520,past,high,low,"구매 이탈 가능 고객"
USER_1025,2019-06-19,10,2350,past,high,low,"구매 이탈 가능 고객"
USER_1026,2019-05-01,2,67,past,low,low,"1회성 고객"
USER_1027,2019-08-01,14,2105,past,high,low,"구매 이탈 가능 고객"
USER_1028,2019-12-04,11,1899,recent,high,low,"충성 고객"
USER_1029,2019-04-19,1,225,past,low,low,"1회성 고객"
USER_1030,2019-01-05,5,1899,past,high,low,"구매 이탈 가능 고객"
USER_1031,2019-09-05,1,2,past,low,low,"1회성 고객"
USER_1032,2019-04-10,3,56,past,high,low,"구매 이탈 가능 고객"
USER_1033,2019-07-21,1,963,past,low,low,"1회성 고객"
USER_1034,2019-06-28,8,891,past,high,low,"구매 이탈 가능 고객"
USER_1035,2019-12-05,14,3083,recent,high,low,"충성 고객"
USER_1036,2019-10-03,24,4980,past,high,high,"VIP 이탈 가능 고객"
USER_1037,2019-01-30,6,1061,past,high,low,"구매 이탈 가능 고객"
USER_1038,2019-09-02,3,284,past,high,low,"구매 이탈 가능 고객"
USER_1039,2019-03-16,5,654,past,high,low,"구매 이탈 가능 고객"
USER_1040,2019-08-22,13,2233,past,high,low,"구매 이탈 가능 고객"
USER_1041,2019-11-03,6,116,past,high,low,"구매 이탈 가능 고객"
USER_1042,2019-03-14,7,971,past,high,low,"구매 이탈 가능 고객"
USER_1043,2019-10-14,1,18,past,low,low,"1회성 고객"
USER_1044,2019-05-10,5,958,past,high,low,"구매 이탈 가능 고객"
USER_1045,2019-09-14,25,3489,past,high,low,"구매 이탈 가능 고객"
USER_1046,2019-07-28,8,733,past,high,low,"구매 이탈 가능 고객"
USER_1047,2019-04-05,1,77,past,low,low,"1회성 고객"
USER_1048,2019-12-17,33,5620,recent,high,high,VIP
USER_1049,2019-07-04,51,7986,past,high,high,"VIP 이탈 가능 고객"
USER_1050,2019-11-09,24,4053,past,high,low,"구매 이탈 가능 고객"
USER_1051,2019-08-22,9,1366,past,high,low,"구매 이탈 가능 고객"
USER_1052,2019-12-08,28,3075,recent,high,low,"충성 고객"
USER_1053,2019-05-31,28,4223,past,high,high,"VIP 이탈 가능 고객"
USER_1054,2019-06-27,1,13,past,low,low,"1회성 고객"
USER_1055,2019-07-07,49,8003,past,high,high,"VIP 이탈 가능 고객"
USER_1056,2019-11-01,47,10850,past,high,high,"VIP 이탈 가능 고객"
USER_1057,2019-12-10,1,49,recent,low,low,"일반 구매 고객"
USER_1058,2019-12-13,8,1085,recent,high,low,"충성 고객"
USER_1059,2019-02-22,28,4459,past,high,high,"VIP 이탈 가능 고객"
USER_1060,2019-07-21,34,5604,past,high,high,"VIP 이탈 가능 고객"
USER_1061,2019-05-24,22,2260,past,high,low,"구매 이탈 가능 고객"
USER_1062,2019-12-26,67,11226,recent,high,high,VIP
USER_1063,2019-05-16,8,551,past,high,low,"구매 이탈 가능 고객"
USER_1064,2019-04-30,21,3459,past,high,low,"구매 이탈 가능 고객"
USER_1065,2019-10-16,9,1920,past,high,low,"구매 이탈 가능 고객"
USER_1066,2019-08-10,26,2992,past,high,low,"구매 이탈 가능 고객"
USER_1067,2019-06-15,13,2198,past,high,low,"구매 이탈 가능 고객"
USER_1068,2019-12-30,28,5325,recent,high,high,VIP
USER_1069,2019-09-05,27,3071,past,high,low,"구매 이탈 가능 고객"
USER_1070,2019-12-19,9,1699,recent,high,low,"충성 고객"
USER_1071,2019-01-21,4,969,past,high,low,"구매 이탈 가능 고객"
USER_1072,2019-01-30,2,137,past,low,low,"1회성 고객"
USER_1073,2019-11-17,7,1690,recent,high,low,"충성 고객"
USER_1074,2019-10-20,6,876,past,high,low,"구매 이탈 가능 고객"
USER_1075,2019-11-10,26,6442,past,high,high,"VIP 이탈 가능 고객"
USER_1076,2019-11-24,45,8598,recent,high,high,VIP
USER_1077,2019-12-13,57,10918,recent,high,high,VIP
USER_1078,2019-08-29,19,2847,past,high,low,"구매 이탈 가능 고객"
USER_1079,2019-12-10,36,5544,recent,high,high,VIP
USER_1080,2019-04-19,14,2008,past,high,low,"구매 이탈 가능 고객"
USER_1081,2019-11-06,61,10085,past,high,high,"VIP 이탈 가능 고객"
USER_1082,2019-08-21,17,3152,past,high,low,"구매 이탈 가능 고객"
USER_1083,2019-04-18,32,4609,past,high,high,"VIP 이탈 가능 고객"
USER_1084,2019-05-31,31,3653,past,high,low,"구매 이탈 가능 고객"
USER_1085,2019-05-23,1,31,past,low,low,"1회성 고객"
USER_1086,2019-05-26,7,1873,past,high,low,"구매 이탈 가능 고객"
USER_1087,2019-12-16,36,7530,recent,high,high,VIP
USER_1088,2019-11-26,16,2828,recent,high,low,"충성 고객"
USER_1089,2019-06-02,13,1630,past,high,low,"구매 이탈 가능 고객"
USER_1090,2019-08-10,8,1291,past,high,low,"구매 이탈 가능 고객"
USER_1091,2019-01-16,1,233,past,low,low,"1회성 고객"
USER_1092,2019-11-27,10,1524,recent,high,low,"충성 고객"
USER_1093,2019-09-07,8,1741,past,high,low,"구매 이탈 가능 고객"
USER_1094,2019-08-14,13,1493,past,high,low,"구매 이탈 가능 고객"
USER_1095,2019-04-07,2,554,past,low,low,"1회성 고객"
USER_1096,2019-03-16,1,20,past,low,low,"1회성 고객"
USER_1097,2019-05-22,5,1218,past,high,low,"구매 이탈 가능 고객"
USER_1098,2019-07-09,43,2958,past,high,low,"구매 이탈 가능 고객"
USER_1099,2019-08-17,17,2878,past,high,low,"구매 이탈 가능 고객"
USER_1100,2019-11-04,1,238,past,low,low,"1회성 고객"
USER_1101,2019-02-01,11,2264,past,high,low,"구매 이탈 가능 고객"
USER_1102,2019-06-29,23,3927,past,high,low,"구매 이탈 가능 고객"
USER_1103,2019-08-02,20,4315,past,high,high,"VIP 이탈 가능 고객"
USER_1104,2019-02-02,37,7022,past,high,high,"VIP 이탈 가능 고객"
USER_1105,2019-09-28,1,40,past,low,low,"1회성 고객"
USER_1106,2019-03-30,31,3696,past,high,low,"구매 이탈 가능 고객"
USER_1107,2019-11-22,19,3703,recent,high,low,"충성 고객"
USER_1108,2019-04-18,11,2750,past,high,low,"구매 이탈 가능 고객"
USER_1109,2019-05-30,9,785,past,high,low,"구매 이탈 가능 고객"
USER_1110,2019-09-21,44,6250,past,high,high,"VIP 이탈 가능 고객"
USER_1111,2019-02-01,5,1046,past,high,low,"구매 이탈 가능 고객"
USER_1112,2019-04-20,19,3439,past,high,low,"구매 이탈 가능 고객"
USER_1113,2019-09-30,5,1052,past,high,low,"구매 이탈 가능 고객"
USER_1114,2019-01-23,23,3022,past,high,low,"구매 이탈 가능 고객"
USER_1115,2019-11-04,10,2539,past,high,low,"구매 이탈 가능 고객"
USER_1116,2019-05-31,34,7026,past,high,high,"VIP 이탈 가능 고객"
USER_1117,2019-11-22,59,14613,recent,high,high,VIP
USER_1118,2019-02-04,6,502,past,high,low,"구매 이탈 가능 고객"
USER_1119,2019-05-15,1,31,past,low,low,"1회성 고객"
USER_1120,2019-10-03,5,1475,past,high,low,"구매 이탈 가능 고객"
USER_1121,2019-10-07,54,10905,past,high,high,"VIP 이탈 가능 고객"
USER_1122,2019-12-21,9,2090,recent,high,low,"충성 고객"
USER_1123,2019-10-26,10,1412,past,high,low,"구매 이탈 가능 고객"
USER_1124,2019-06-22,7,1008,past,high,low,"구매 이탈 가능 고객"
USER_1125,2019-09-15,4,598,past,high,low,"구매 이탈 가능 고객"
USER_1126,2019-11-08,4,823,past,high,low,"구매 이탈 가능 고객"
USER_1127,2019-03-24,2,153,past,low,low,"1회성 고객"
USER_1128,2019-06-03,5,390,past,high,low,"구매 이탈 가능 고객"
USER_1129,2019-08-06,12,1264,past,high,low,"구매 이탈 가능 고객"
USER_1130,2019-10-11,10,1100,past,high,low,"구매 이탈 가능 고객"
USER_1131,2019-12-12,17,3901,recent,high,low,"충성 고객"
USER_1132,2019-12-14,2,42,recent,low,low,"일반 구매 고객"
USER_1133,2019-01-30,1,18,past,low,low,"1회성 고객"
USER_1134,2019-07-13,4,306,past,high,low,"구매 이탈 가능 고객"
USER_1135,2019-12-19,5,674,recent,high,low,"충성 고객"
USER_1136,2019-10-17,18,1569,past,high,low,"구매 이탈 가능 고객"
USER_1137,2019-07-12,8,1192,past,high,low,"구매 이탈 가능 고객"
USER_1138,2019-06-01,42,6863,past,high,high,"VIP 이탈 가능 고객"
USER_1139,2019-09-14,5,649,past,high,low,"구매 이탈 가능 고객"
USER_1140,2019-08-27,46,7772,past,high,high,"VIP 이탈 가능 고객"
USER_1141,2019-01-14,5,1118,past,high,low,"구매 이탈 가능 고객"
USER_1142,2019-02-20,3,139,past,high,low,"구매 이탈 가능 고객"
USER_1143,2019-11-01,18,3427,past,high,low,"구매 이탈 가능 고객"
USER_1144,2019-06-07,4,400,past,high,low,"구매 이탈 가능 고객"
USER_1145,2019-12-07,8,1643,recent,high,low,"충성 고객"
USER_1146,2019-05-24,4,618,past,high,low,"구매 이탈 가능 고객"
USER_1147,2019-06-12,1,47,past,low,low,"1회성 고객"
USER_1148,2019-10-05,7,1181,past,high,low,"구매 이탈 가능 고객"
USER_1149,2019-02-18,69,8671,past,high,high,"VIP 이탈 가능 고객"
USER_1150,2019-11-22,34,5643,recent,high,high,VIP
USER_1151,2019-09-07,9,3307,past,high,low,"구매 이탈 가능 고객"
USER_1152,2019-11-29,38,6325,recent,high,high,VIP
USER_1153,2019-07-14,14,2247,past,high,low,"구매 이탈 가능 고객"
USER_1154,2019-12-15,8,1251,recent,high,low,"충성 고객"
USER_1155,2019-10-31,6,322,past,high,low,"구매 이탈 가능 고객"
USER_1156,2019-04-23,5,1065,past,high,low,"구매 이탈 가능 고객"
USER_1157,2019-10-27,11,378,past,high,low,"구매 이탈 가능 고객"
USER_1158,2019-07-06,39,5275,past,high,high,"VIP 이탈 가능 고객"
USER_1159,2019-07-08,2,93,past,low,low,"1회성 고객"
USER_1160,2019-10-23,20,2732,past,high,low,"구매 이탈 가능 고객"
USER_1161,2019-10-27,8,1699,past,high,low,"구매 이탈 가능 고객"
USER_1162,2019-08-22,5,647,past,high,low,"구매 이탈 가능 고객"
USER_1163,2019-09-23,29,5766,past,high,high,"VIP 이탈 가능 고객"
USER_1164,2019-12-30,27,5009,recent,high,high,VIP
USER_1165,2019-08-08,11,2601,past,high,low,"구매 이탈 가능 고객"
USER_1166,2019-10-30,7,1769,past,high,low,"구매 이탈 가능 고객"
USER_1167,2019-05-05,28,6334,past,high,high,"VIP 이탈 가능 고객"
USER_1168,2019-08-09,6,907,past,high,low,"구매 이탈 가능 고객"
USER_1169,2019-01-31,6,1412,past,high,low,"구매 이탈 가능 고객"
USER_1170,2019-06-15,6,1824,past,high,low,"구매 이탈 가능 고객"
USER_1171,2019-12-04,8,857,recent,high,low,"충성 고객"
USER_1172,2019-05-29,16,2036,past,high,low,"구매 이탈 가능 고객"
USER_1173,2019-05-17,8,1798,past,high,low,"구매 이탈 가능 고객"
USER_1174,2019-11-16,32,5991,past,high,high,"VIP 이탈 가능 고객"
USER_1175,2019-01-07,2,328,past,low,low,"1회성 고객"
USER_1176,2019-11-20,27,3311,recent,high,low,"충성 고객"
USER_1177,2019-06-12,19,3680,past,high,low,"구매 이탈 가능 고객"
USER_1178,2019-03-16,36,7162,past,high,high,"VIP 이탈 가능 고객"
USER_1179,2019-05-25,13,1391,past,high,low,"구매 이탈 가능 고객"
USER_1180,2019-04-17,44,9066,past,high,high,"VIP 이탈 가능 고객"
USER_1181,2019-07-06,3,347,past,high,low,"구매 이탈 가능 고객"
USER_1182,2019-07-12,25,4569,past,high,high,"VIP 이탈 가능 고객"
USER_1183,2019-11-11,20,3597,past,high,low,"구매 이탈 가능 고객"
USER_1184,2019-12-19,15,1797,recent,high,low,"충성 고객"
USER_1185,2019-08-11,59,7252,past,high,high,"VIP 이탈 가능 고객"
USER_1186,2019-11-28,38,7530,recent,high,high,VIP
USER_1187,2019-12-14,27,7629,recent,high,high,VIP
USER_1188,2019-12-22,13,2257,recent,high,low,"충성 고객"
USER_1189,2019-03-05,3,248,past,high,low,"구매 이탈 가능 고객"
USER_1190,2019-12-06,25,3914,recent,high,low,"충성 고객"
USER_1191,2019-12-12,39,6152,recent,high,high,VIP
USER_1192,2019-09-26,36,6457,past,high,high,"VIP 이탈 가능 고객"
USER_1193,2019-01-23,7,1836,past,high,low,"구매 이탈 가능 고객"
USER_1194,2019-10-23,15,2406,past,high,low,"구매 이탈 가능 고객"
USER_1195,2019-10-04,51,9247,past,high,high,"VIP 이탈 가능 고객"
USER_1196,2019-11-27,14,2683,recent,high,low,"충성 고객"
USER_1197,2019-10-05,36,5798,past,high,high,"VIP 이탈 가능 고객"
USER_1198,2019-05-03,22,1908,past,high,low,"구매 이탈 가능 고객"
USER_1199,2019-12-01,7,934,recent,high,low,"충성 고객"
USER_1200,2019-03-11,32,5216,past,high,high,"VIP 이탈 가능 고객"
USER_1201,2019-04-05,1,10,past,low,low,"1회성 고객"
USER_1202,2019-10-03,29,4069,past,high,low,"구매 이탈 가능 고객"
USER_1203,2019-08-05,49,6166,past,high,high,"VIP 이탈 가능 고객"
USER_1204,2019-03-21,9,1824,past,high,low,"구매 이탈 가능 고객"
USER_1205,2019-09-11,5,1287,past,high,low,"구매 이탈 가능 고객"
USER_1206,2019-12-24,1,121,recent,low,low,"일반 구매 고객"
USER_1207,2019-12-27,15,2227,recent,high,low,"충성 고객"
USER_1208,2019-05-16,21,2555,past,high,low,"구매 이탈 가능 고객"
USER_1209,2019-11-03,5,154,past,high,low,"구매 이탈 가능 고객"
USER_1210,2019-04-19,1,19,past,low,low,"1회성 고객"
USER_1211,2019-11-07,19,3830,past,high,low,"구매 이탈 가능 고객"
USER_1212,2019-12-04,15,3310,recent,high,low,"충성 고객"
USER_1213,2019-12-26,51,7928,recent,high,high,VIP
USER_1214,2019-03-18,11,1456,past,high,low,"구매 이탈 가능 고객"
USER_1215,2019-08-22,7,1606,past,high,low,"구매 이탈 가능 고객"
USER_1216,2019-11-21,9,2511,recent,high,low,"충성 고객"
USER_1217,2019-12-20,7,1632,recent,high,low,"충성 고객"
USER_1218,2019-12-15,139,35681,recent,high,high,VIP
USER_1219,2019-08-24,56,6579,past,high,high,"VIP 이탈 가능 고객"
USER_1220,2019-04-18,1,24,past,low,low,"1회성 고객"
USER_1221,2019-07-11,61,9996,past,high,high,"VIP 이탈 가능 고객"
USER_1222,2019-04-03,65,10877,past,high,high,"VIP 이탈 가능 고객"
USER_1223,2019-07-05,8,1032,past,high,low,"구매 이탈 가능 고객"
USER_1224,2019-06-05,21,3082,past,high,low,"구매 이탈 가능 고객"
USER_1225,2019-12-05,14,1901,recent,high,low,"충성 고객"
USER_1226,2019-07-03,26,4716,past,high,high,"VIP 이탈 가능 고객"
USER_1227,2019-12-16,6,928,recent,high,low,"충성 고객"
USER_1228,2019-09-30,16,1795,past,high,low,"구매 이탈 가능 고객"
USER_1229,2019-08-18,29,4340,past,high,high,"VIP 이탈 가능 고객"
USER_1230,2019-10-27,22,2674,past,high,low,"구매 이탈 가능 고객"
USER_1231,2019-05-19,4,1295,past,high,low,"구매 이탈 가능 고객"
USER_1232,2019-11-03,39,8345,past,high,high,"VIP 이탈 가능 고객"
USER_1233,2019-11-28,9,2107,recent,high,low,"충성 고객"
USER_1234,2019-12-03,25,4166,recent,high,high,VIP
USER_1235,2019-12-09,5,462,recent,high,low,"충성 고객"
USER_1236,2019-06-29,28,3930,past,high,low,"구매 이탈 가능 고객"
USER_1237,2019-12-22,14,2742,recent,high,low,"충성 고객"
USER_1238,2019-12-03,14,2484,recent,high,low,"충성 고객"
USER_1239,2019-12-28,34,7373,recent,high,high,VIP
USER_1240,2019-01-31,2,22,past,low,low,"1회성 고객"
USER_1241,2019-07-13,17,6427,past,high,high,"VIP 이탈 가능 고객"
USER_1242,2019-09-02,13,1981,past,high,low,"구매 이탈 가능 고객"
USER_1243,2019-11-17,33,4395,recent,high,high,VIP
USER_1244,2019-08-28,47,6658,past,high,high,"VIP 이탈 가능 고객"
USER_1245,2019-04-13,2,160,past,low,low,"1회성 고객"
USER_1246,2019-06-22,14,1961,past,high,low,"구매 이탈 가능 고객"
USER_1247,2019-09-27,7,1026,past,high,low,"구매 이탈 가능 고객"
USER_1248,2019-09-20,18,2090,past,high,low,"구매 이탈 가능 고객"
USER_1249,2019-01-02,5,545,past,high,low,"구매 이탈 가능 고객"
USER_1250,2019-08-17,20,2184,past,high,low,"구매 이탈 가능 고객"
USER_1251,2019-04-15,3,1290,past,high,low,"구매 이탈 가능 고객"
USER_1252,2019-11-25,26,6632,recent,high,high,VIP
USER_1253,2019-04-19,1,217,past,low,low,"1회성 고객"
USER_1254,2019-12-13,3,828,recent,high,low,"충성 고객"
USER_1255,2019-06-05,38,6727,past,high,high,"VIP 이탈 가능 고객"
USER_1256,2019-08-17,23,2556,past,high,low,"구매 이탈 가능 고객"
USER_1257,2019-06-04,7,1042,past,high,low,"구매 이탈 가능 고객"
USER_1258,2019-04-19,7,800,past,high,low,"구매 이탈 가능 고객"
USER_1259,2019-12-20,5,803,recent,high,low,"충성 고객"
USER_1260,2019-10-26,6,474,past,high,low,"구매 이탈 가능 고객"
USER_1261,2019-11-26,57,10313,recent,high,high,VIP
USER_1262,2019-03-19,6,898,past,high,low,"구매 이탈 가능 고객"
USER_1263,2019-09-15,7,263,past,high,low,"구매 이탈 가능 고객"
USER_1264,2019-06-12,4,258,past,high,low,"구매 이탈 가능 고객"
USER_1265,2019-10-01,14,2162,past,high,low,"구매 이탈 가능 고객"
USER_1266,2019-12-20,33,5721,recent,high,high,VIP
USER_1267,2019-12-10,106,17818,recent,high,high,VIP
USER_1268,2019-10-26,14,2632,past,high,low,"구매 이탈 가능 고객"
USER_1269,2019-12-22,8,1010,recent,high,low,"충성 고객"
USER_1270,2019-05-22,9,1548,past,high,low,"구매 이탈 가능 고객"
USER_1271,2019-05-17,1,250,past,low,low,"1회성 고객"
USER_1272,2019-06-06,4,350,past,high,low,"구매 이탈 가능 고객"
USER_1273,2019-05-23,6,514,past,high,low,"구매 이탈 가능 고객"
USER_1274,2019-04-22,29,5288,past,high,high,"VIP 이탈 가능 고객"
USER_1275,2019-11-12,2,330,past,low,low,"1회성 고객"
USER_1276,2019-01-25,2,161,past,low,low,"1회성 고객"
USER_1277,2019-01-03,4,566,past,high,low,"구매 이탈 가능 고객"
USER_1278,2019-06-09,17,2541,past,high,low,"구매 이탈 가능 고객"
USER_1279,2019-01-31,2,1091,past,low,low,"1회성 고객"
USER_1280,2019-08-09,23,3530,past,high,low,"구매 이탈 가능 고객"
USER_1281,2019-12-12,2,207,recent,low,low,"일반 구매 고객"
USER_1282,2019-01-26,6,1245,past,high,low,"구매 이탈 가능 고객"
USER_1283,2019-08-21,14,1763,past,high,low,"구매 이탈 가능 고객"
USER_1284,2019-01-09,2,152,past,low,low,"1회성 고객"
USER_1285,2019-09-19,25,6063,past,high,high,"VIP 이탈 가능 고객"
USER_1286,2019-11-30,26,4636,recent,high,high,VIP
USER_1287,2019-08-31,39,5097,past,high,high,"VIP 이탈 가능 고객"
USER_1288,2019-07-24,17,2887,past,high,low,"구매 이탈 가능 고객"
USER_1289,2019-11-03,42,5731,past,high,high,"VIP 이탈 가능 고객"
USER_1290,2019-07-13,11,754,past,high,low,"구매 이탈 가능 고객"
USER_1291,2019-03-08,28,4427,past,high,high,"VIP 이탈 가능 고객"
USER_1292,2019-09-25,56,11713,past,high,high,"VIP 이탈 가능 고객"
USER_1293,2019-12-02,19,3909,recent,high,low,"충성 고객"
USER_1294,2019-09-07,33,6585,past,high,high,"VIP 이탈 가능 고객"
USER_1295,2019-10-09,104,16898,past,high,high,"VIP 이탈 가능 고객"
USER_1296,2019-03-19,1,119,past,low,low,"1회성 고객"
USER_1297,2019-05-11,22,2341,past,high,low,"구매 이탈 가능 고객"
USER_1298,2019-12-01,46,5823,recent,high,high,VIP
USER_1299,2019-11-29,12,2413,recent,high,low,"충성 고객"
USER_1300,2019-08-17,9,1211,past,high,low,"구매 이탈 가능 고객"
USER_1301,2019-06-12,1,16,past,low,low,"1회성 고객"
USER_1302,2019-07-28,24,3747,past,high,low,"구매 이탈 가능 고객"
USER_1303,2019-01-12,4,579,past,high,low,"구매 이탈 가능 고객"
USER_1304,2019-10-05,1,14,past,low,low,"1회성 고객"
USER_1305,2019-04-18,5,929,past,high,low,"구매 이탈 가능 고객"
USER_1306,2019-06-20,5,234,past,high,low,"구매 이탈 가능 고객"
USER_1307,2019-06-21,6,1503,past,high,low,"구매 이탈 가능 고객"
USER_1308,2019-04-18,1,322,past,low,low,"1회성 고객"
USER_1309,2019-12-18,19,4878,recent,high,high,VIP
USER_1310,2019-10-11,38,7797,past,high,high,"VIP 이탈 가능 고객"
USER_1311,2019-03-04,5,401,past,high,low,"구매 이탈 가능 고객"
USER_1312,2019-12-04,26,5108,recent,high,high,VIP
USER_1313,2019-04-05,3,988,past,high,low,"구매 이탈 가능 고객"
USER_1314,2019-10-23,28,3149,past,high,low,"구매 이탈 가능 고객"
USER_1315,2019-03-13,6,1117,past,high,low,"구매 이탈 가능 고객"
USER_1316,2019-12-27,22,3358,recent,high,low,"충성 고객"
USER_1317,2019-09-11,38,6784,past,high,high,"VIP 이탈 가능 고객"
USER_1318,2019-06-21,6,490,past,high,low,"구매 이탈 가능 고객"
USER_1319,2019-06-08,15,2803,past,high,low,"구매 이탈 가능 고객"
USER_1320,2019-08-01,4,970,past,high,low,"구매 이탈 가능 고객"
USER_1321,2019-04-19,2,37,past,low,low,"1회성 고객"
USER_1322,2019-04-17,3,563,past,high,low,"구매 이탈 가능 고객"
USER_1323,2019-03-29,18,2287,past,high,low,"구매 이탈 가능 고객"
USER_1324,2019-08-04,1,24,past,low,low,"1회성 고객"
USER_1325,2019-09-20,16,3038,past,high,low,"구매 이탈 가능 고객"
USER_1326,2019-10-05,6,517,past,high,low,"구매 이탈 가능 고객"
USER_1327,2019-03-20,1,49,past,low,low,"1회성 고객"
USER_1328,2019-11-03,49,5693,past,high,high,"VIP 이탈 가능 고객"
USER_1329,2019-10-23,6,1187,past,high,low,"구매 이탈 가능 고객"
USER_1330,2019-01-17,11,1880,past,high,low,"구매 이탈 가능 고객"
USER_1331,2019-10-30,28,6781,past,high,high,"VIP 이탈 가능 고객"
USER_1332,2019-08-16,2,692,past,low,low,"1회성 고객"
USER_1333,2019-08-17,8,1095,past,high,low,"구매 이탈 가능 고객"
USER_1334,2019-09-30,17,2317,past,high,low,"구매 이탈 가능 고객"
USER_1335,2019-06-12,1,158,past,low,low,"1회성 고객"
USER_1336,2019-11-14,56,7836,past,high,high,"VIP 이탈 가능 고객"
USER_1337,2019-01-13,7,871,past,high,low,"구매 이탈 가능 고객"
USER_1338,2019-10-06,23,3884,past,high,low,"구매 이탈 가능 고객"
USER_1339,2019-09-28,9,2130,past,high,low,"구매 이탈 가능 고객"
USER_1340,2019-11-02,10,2142,past,high,low,"구매 이탈 가능 고객"
USER_1341,2019-09-27,41,7018,past,high,high,"VIP 이탈 가능 고객"
USER_1342,2019-06-25,15,1913,past,high,low,"구매 이탈 가능 고객"
USER_1343,2019-11-23,46,9724,recent,high,high,VIP
USER_1344,2019-10-14,60,9197,past,high,high,"VIP 이탈 가능 고객"
USER_1345,2019-08-10,7,477,past,high,low,"구매 이탈 가능 고객"
USER_1346,2019-01-24,5,616,past,high,low,"구매 이탈 가능 고객"
USER_1347,2019-02-04,3,838,past,high,low,"구매 이탈 가능 고객"
USER_1348,2019-12-11,76,13162,recent,high,high,VIP
USER_1349,2019-03-18,11,1203,past,high,low,"구매 이탈 가능 고객"
USER_1350,2019-04-18,2,1841,past,low,low,"1회성 고객"
USER_1351,2019-05-08,4,752,past,high,low,"구매 이탈 가능 고객"
USER_1352,2019-06-12,1,359,past,low,low,"1회성 고객"
USER_1353,2019-04-26,51,7281,past,high,high,"VIP 이탈 가능 고객"
USER_1354,2019-04-20,16,3202,past,high,low,"구매 이탈 가능 고객"
USER_1355,2019-12-14,263,46369,recent,high,high,VIP
USER_1356,2019-12-15,5,173,recent,high,low,"충성 고객"
USER_1357,2019-08-14,2,1400,past,low,low,"1회성 고객"
USER_1358,2019-01-26,177,34578,past,high,high,"VIP 이탈 가능 고객"
USER_1359,2019-01-17,9,1400,past,high,low,"구매 이탈 가능 고객"
USER_1360,2019-06-20,4,543,past,high,low,"구매 이탈 가능 고객"
USER_1361,2019-10-10,28,4719,past,high,high,"VIP 이탈 가능 고객"
USER_1362,2019-03-09,30,3211,past,high,low,"구매 이탈 가능 고객"
USER_1363,2019-10-13,6,860,past,high,low,"구매 이탈 가능 고객"
USER_1364,2019-09-27,8,1026,past,high,low,"구매 이탈 가능 고객"
USER_1365,2019-12-11,23,3995,recent,high,low,"충성 고객"
USER_1366,2019-06-28,23,4818,past,high,high,"VIP 이탈 가능 고객"
USER_1367,2019-03-19,6,590,past,high,low,"구매 이탈 가능 고객"
USER_1368,2019-03-27,1,20,past,low,low,"1회성 고객"
USER_1369,2019-01-12,4,1069,past,high,low,"구매 이탈 가능 고객"
USER_1370,2019-04-24,10,1834,past,high,low,"구매 이탈 가능 고객"
USER_1371,2019-12-05,54,8869,recent,high,high,VIP
USER_1372,2019-10-31,7,828,past,high,low,"구매 이탈 가능 고객"
USER_1373,2019-10-05,9,1090,past,high,low,"구매 이탈 가능 고객"
USER_1374,2019-10-02,40,7307,past,high,high,"VIP 이탈 가능 고객"
USER_1375,2019-11-30,56,10166,recent,high,high,VIP
USER_1376,2019-03-26,33,5454,past,high,high,"VIP 이탈 가능 고객"
USER_1377,2019-07-14,10,1576,past,high,low,"구매 이탈 가능 고객"
USER_1378,2019-01-04,32,5304,past,high,high,"VIP 이탈 가능 고객"
USER_1379,2019-12-13,19,1673,recent,high,low,"충성 고객"
USER_1380,2019-06-30,12,1040,past,high,low,"구매 이탈 가능 고객"
USER_1381,2019-05-07,17,2733,past,high,low,"구매 이탈 가능 고객"
USER_1382,2019-11-21,64,11437,recent,high,high,VIP
USER_1383,2019-07-07,4,206,past,high,low,"구매 이탈 가능 고객"
USER_1384,2019-01-17,1,20,past,low,low,"1회성 고객"
USER_1385,2019-12-21,2,273,recent,low,low,"일반 구매 고객"
USER_1386,2019-05-18,11,969,past,high,low,"구매 이탈 가능 고객"
USER_1387,2019-07-26,2,54,past,low,low,"1회성 고객"
USER_1388,2019-04-19,19,6617,past,high,high,"VIP 이탈 가능 고객"
USER_1389,2019-07-08,8,855,past,high,low,"구매 이탈 가능 고객"
USER_1390,2019-09-03,39,6658,past,high,high,"VIP 이탈 가능 고객"
USER_1391,2019-12-13,29,9883,recent,high,high,VIP
USER_1392,2019-01-23,23,4439,past,high,high,"VIP 이탈 가능 고객"
USER_1393,2019-11-19,45,4665,recent,high,high,VIP
USER_1394,2019-02-01,26,4643,past,high,high,"VIP 이탈 가능 고객"
USER_1395,2019-01-06,31,7534,past,high,high,"VIP 이탈 가능 고객"
USER_1396,2019-05-19,3,112,past,high,low,"구매 이탈 가능 고객"
USER_1397,2019-12-12,35,12725,recent,high,high,VIP
USER_1398,2019-01-24,33,5124,past,high,high,"VIP 이탈 가능 고객"
USER_1399,2019-04-17,4,492,past,high,low,"구매 이탈 가능 고객"
USER_1400,2019-06-11,7,661,past,high,low,"구매 이탈 가능 고객"
USER_1401,2019-09-11,11,1890,past,high,low,"구매 이탈 가능 고객"
USER_1402,2019-07-12,8,1030,past,high,low,"구매 이탈 가능 고객"
USER_1403,2019-04-07,17,3815,past,high,low,"구매 이탈 가능 고객"
USER_1404,2019-05-10,18,3025,past,high,low,"구매 이탈 가능 고객"
USER_1405,2019-10-22,5,446,past,high,low,"구매 이탈 가능 고객"
USER_1406,2019-01-16,13,1618,past,high,low,"구매 이탈 가능 고객"
USER_1407,2019-11-21,23,2900,recent,high,low,"충성 고객"
USER_1408,2019-12-13,1,20,recent,low,low,"일반 구매 고객"
USER_1409,2019-08-11,3,37,past,high,low,"구매 이탈 가능 고객"
USER_1410,2019-10-04,7,457,past,high,low,"구매 이탈 가능 고객"
USER_1411,2019-12-13,95,14210,recent,high,high,VIP
USER_1412,2019-03-31,28,4823,past,high,high,"VIP 이탈 가능 고객"
USER_1413,2019-05-25,3,819,past,high,low,"구매 이탈 가능 고객"
USER_1414,2019-06-09,5,714,past,high,low,"구매 이탈 가능 고객"
USER_1415,2019-12-05,50,8621,recent,high,high,VIP
USER_1416,2019-10-01,6,1209,past,high,low,"구매 이탈 가능 고객"
USER_1417,2019-07-26,3,81,past,high,low,"구매 이탈 가능 고객"
USER_1418,2019-06-20,17,1685,past,high,low,"구매 이탈 가능 고객"
USER_1419,2019-09-06,33,5035,past,high,high,"VIP 이탈 가능 고객"
USER_1420,2019-04-12,4,518,past,high,low,"구매 이탈 가능 고객"
USER_1421,2019-01-02,12,1834,past,high,low,"구매 이탈 가능 고객"
USER_1422,2019-11-16,19,2870,past,high,low,"구매 이탈 가능 고객"
USER_1423,2019-10-19,32,5216,past,high,high,"VIP 이탈 가능 고객"
USER_1424,2019-08-29,15,2205,past,high,low,"구매 이탈 가능 고객"
USER_1425,2019-08-29,12,1535,past,high,low,"구매 이탈 가능 고객"
USER_1426,2019-11-29,12,1221,recent,high,low,"충성 고객"
USER_1427,2019-07-16,11,1424,past,high,low,"구매 이탈 가능 고객"
USER_1428,2019-04-17,14,2170,past,high,low,"구매 이탈 가능 고객"
USER_1429,2019-08-31,19,3009,past,high,low,"구매 이탈 가능 고객"
USER_1430,2019-09-17,33,3371,past,high,low,"구매 이탈 가능 고객"
USER_1431,2019-03-08,1,91,past,low,low,"1회성 고객"
USER_1432,2019-07-16,77,10637,past,high,high,"VIP 이탈 가능 고객"
USER_1433,2019-09-16,120,18971,past,high,high,"VIP 이탈 가능 고객"
USER_1434,2019-03-21,12,1720,past,high,low,"구매 이탈 가능 고객"
USER_1435,2019-11-13,45,10844,past,high,high,"VIP 이탈 가능 고객"
USER_1436,2019-10-14,10,1617,past,high,low,"구매 이탈 가능 고객"
USER_1437,2019-05-23,1,30,past,low,low,"1회성 고객"
USER_1438,2019-10-21,5,557,past,high,low,"구매 이탈 가능 고객"
USER_1439,2019-11-28,24,4044,recent,high,low,"충성 고객"
USER_1440,2019-02-17,34,3209,past,high,low,"구매 이탈 가능 고객"
USER_1441,2019-10-13,8,753,past,high,low,"구매 이탈 가능 고객"
USER_1442,2019-06-05,29,3791,past,high,low,"구매 이탈 가능 고객"
USER_1443,2019-08-13,9,1318,past,high,low,"구매 이탈 가능 고객"
USER_1444,2019-07-12,13,2575,past,high,low,"구매 이탈 가능 고객"
USER_1445,2019-12-19,15,2909,recent,high,low,"충성 고객"
USER_1446,2019-09-12,13,1826,past,high,low,"구매 이탈 가능 고객"
USER_1447,2019-09-18,6,414,past,high,low,"구매 이탈 가능 고객"
USER_1448,2019-04-06,1,9,past,low,low,"1회성 고객"
USER_1449,2019-12-11,15,2118,recent,high,low,"충성 고객"
USER_1450,2019-12-08,17,4739,recent,high,high,VIP
USER_1451,2019-09-14,21,2772,past,high,low,"구매 이탈 가능 고객"
USER_1452,2019-05-26,12,1052,past,high,low,"구매 이탈 가능 고객"
USER_1453,2019-10-05,32,4428,past,high,high,"VIP 이탈 가능 고객"
USER_1454,2019-04-19,2,88,past,low,low,"1회성 고객"
USER_1455,2019-08-23,11,965,past,high,low,"구매 이탈 가능 고객"
USER_1456,2019-08-30,13,2485,past,high,low,"구매 이탈 가능 고객"
USER_1457,2019-06-12,2,135,past,low,low,"1회성 고객"
USER_1458,2019-09-14,1,100,past,low,low,"1회성 고객"
USER_1459,2019-11-27,27,5900,recent,high,high,VIP
USER_1460,2019-11-28,30,7693,recent,high,high,VIP
USER_1461,2019-12-13,6,2397,recent,high,low,"충성 고객"
USER_1462,2019-07-05,2,50,past,low,low,"1회성 고객"
USER_1463,2019-04-05,3,542,past,high,low,"구매 이탈 가능 고객"
USER_1464,2019-10-05,19,2378,past,high,low,"구매 이탈 가능 고객"
USER_1465,2019-06-20,2,104,past,low,low,"1회성 고객"
USER_1466,2019-10-23,1,298,past,low,low,"1회성 고객"
USER_1467,2019-10-10,53,6370,past,high,high,"VIP 이탈 가능 고객"
